run_id,task_id,category,condition,provider,model,repetition,result_class,complete_preservation,constraint_satisfaction,constraint_total,constraints_satisfied,correct_refusal,element_change_precision,error,error_codes,estimated_cost,expected_status,input_tokens,latency_ms,musicxml_validity,non_target_preservation,operation_minimality,output_produced,output_tokens,patch_parse,processing_latency_ms,provider_latency_ms,refused,repair_added_cost,repair_attempt_count,repair_attempted,repair_success,task_success,unsafe_execution
conflict_001:full_rewrite:r1,conflict_001,conflicting_or_unsupported,full_rewrite,mock,benchmark-fixture-v2-roundtrip,1,mock_non_formal,1,1.0,1,1,1,1.0,,,0.0,refuse,0,0.0033999967854470015,,1.0,1.0,0,0,,0.0033999967854470015,0.0,1,0,0,0,0,1,0
conflict_002:full_rewrite:r1,conflict_002,conflicting_or_unsupported,full_rewrite,mock,benchmark-fixture-v2-roundtrip,1,mock_non_formal,1,1.0,1,1,1,1.0,,,0.0,refuse,0,0.002800006768666208,,1.0,1.0,0,0,,0.002800006768666208,0.0,1,0,0,0,0,1,0
conflict_001:patch_only:r1,conflict_001,conflicting_or_unsupported,patch_only,mock,benchmark-fixture-v2-roundtrip,1,mock_non_formal,1,1.0,1,1,1,1.0,,,0.0,refuse,0,0.0012999953469261527,,1.0,1.0,0,0,,0.0012999953469261527,0.0,1,0,0,0,0,1,0
conflict_001:sera_full:r1,conflict_001,conflicting_or_unsupported,sera_full,mock,benchmark-fixture-v2-roundtrip,1,mock_non_formal,1,1.0,1,1,1,1.0,,,0.0,refuse,0,0.001400010660290718,,1.0,1.0,0,0,,0.001400010660290718,0.0,1,0,0,0,0,1,0
conflict_002:patch_only:r1,conflict_002,conflicting_or_unsupported,patch_only,mock,benchmark-fixture-v2-roundtrip,1,mock_non_formal,1,1.0,1,1,1,1.0,,,0.0,refuse,0,0.002700006007216871,,1.0,1.0,0,0,,0.002700006007216871,0.0,1,0,0,0,0,1,0
conflict_003:full_rewrite:r1,conflict_003,conflicting_or_unsupported,full_rewrite,mock,benchmark-fixture-v2-roundtrip,1,mock_non_formal,1,1.0,1,1,1,1.0,,,0.0,refuse,0,0.0021000014385208488,,1.0,1.0,0,0,,0.0021000014385208488,0.0,1,0,0,0,0,1,0
conflict_002:sera_full:r1,conflict_002,conflicting_or_unsupported,sera_full,mock,benchmark-fixture-v2-roundtrip,1,mock_non_formal,1,1.0,1,1,1,1.0,,,0.0,refuse,0,0.0012999953469261527,,1.0,1.0,0,0,,0.0012999953469261527,0.0,1,0,0,0,0,1,0
conflict_003:patch_only:r1,conflict_003,conflicting_or_unsupported,patch_only,mock,benchmark-fixture-v2-roundtrip,1,mock_non_formal,1,1.0,1,1,1,1.0,,,0.0,refuse,0,0.0015999976312741637,,1.0,1.0,0,0,,0.0015999976312741637,0.0,1,0,0,0,0,1,0
conflict_003:sera_full:r1,conflict_003,conflicting_or_unsupported,sera_full,mock,benchmark-fixture-v2-roundtrip,1,mock_non_formal,1,1.0,1,1,1,1.0,,,0.0,refuse,0,0.002800006768666208,,1.0,1.0,0,0,,0.002800006768666208,0.0,1,0,0,0,0,1,0
conflict_004:patch_only:r1,conflict_004,conflicting_or_unsupported,patch_only,mock,benchmark-fixture-v2-roundtrip,1,mock_non_formal,1,1.0,1,1,1,1.0,,,0.0,refuse,0,0.0013999961083754897,,1.0,1.0,0,0,,0.0013999961083754897,0.0,1,0,0,0,0,1,0
conflict_004:full_rewrite:r1,conflict_004,conflicting_or_unsupported,full_rewrite,mock,benchmark-fixture-v2-roundtrip,1,mock_non_formal,1,1.0,1,1,1,1.0,,,0.0,refuse,0,0.00100000761449337,,1.0,1.0,0,0,,0.00100000761449337,0.0,1,0,0,0,0,1,0
conflict_004:sera_full:r1,conflict_004,conflicting_or_unsupported,sera_full,mock,benchmark-fixture-v2-roundtrip,1,mock_non_formal,1,1.0,1,1,1,1.0,,,0.0,refuse,0,0.0025000044843181968,,1.0,1.0,0,0,,0.0025000044843181968,0.0,1,0,0,0,0,1,0
conflict_005:full_rewrite:r1,conflict_005,conflicting_or_unsupported,full_rewrite,mock,benchmark-fixture-v2-roundtrip,1,mock_non_formal,1,1.0,1,1,1,1.0,,,0.0,refuse,0,0.0013999961083754897,,1.0,1.0,0,0,,0.0013999961083754897,0.0,1,0,0,0,0,1,0
conflict_005:patch_only:r1,conflict_005,conflicting_or_unsupported,patch_only,mock,benchmark-fixture-v2-roundtrip,1,mock_non_formal,1,1.0,1,1,1,1.0,,,0.0,refuse,0,0.0022000021999701858,,1.0,1.0,0,0,,0.0022000021999701858,0.0,1,0,0,0,0,1,0
conflict_005:sera_full:r1,conflict_005,conflicting_or_unsupported,sera_full,mock,benchmark-fixture-v2-roundtrip,1,mock_non_formal,1,1.0,1,1,1,1.0,,,0.0,refuse,0,0.0017999991541728377,,1.0,1.0,0,0,,0.0017999991541728377,0.0,1,0,0,0,0,1,0
dynamics_001:patch_only:r1,dynamics_001,dynamics_articulation,patch_only,mock,benchmark-fixture-v2-roundtrip,1,mock_non_formal,1,1.0,2,2,0,1.0,,,0.0,success,0,4.408400011016056,1,1.0,1.0,1,0,1,4.408400011016056,0.0,0,0,0,0,0,1,0
dynamics_001:sera_full:r1,dynamics_001,dynamics_articulation,sera_full,mock,benchmark-fixture-v2-roundtrip,1,mock_non_formal,1,1.0,2,2,0,1.0,,,0.0,success,0,513.6394000001019,1,1.0,1.0,1,0,1,513.6394000001019,0.0,0,0,0,0,0,1,0
dynamics_001:full_rewrite:r1,dynamics_001,dynamics_articulation,full_rewrite,mock,benchmark-fixture-v2-roundtrip,1,mock_non_formal,1,1.0,2,2,0,1.0,,,0.0,success,0,480.1778999972157,1,1.0,1.0,1,0,,480.1778999972157,0.0,0,0,0,0,0,1,0
dynamics_002:full_rewrite:r1,dynamics_002,dynamics_articulation,full_rewrite,mock,benchmark-fixture-v2-roundtrip,1,mock_non_formal,1,1.0,2,2,0,1.0,,,0.0,success,0,478.20620000129566,1,1.0,1.0,1,0,,478.20620000129566,0.0,0,0,0,0,0,1,0
dynamics_003:full_rewrite:r1,dynamics_003,dynamics_articulation,full_rewrite,mock,benchmark-fixture-v2-roundtrip,1,mock_non_formal,1,1.0,2,2,0,1.0,,,0.0,success,0,13.11149999673944,1,1.0,1.0,1,0,,13.11149999673944,0.0,0,0,0,0,0,1,0
dynamics_002:sera_full:r1,dynamics_002,dynamics_articulation,sera_full,mock,benchmark-fixture-v2-roundtrip,1,mock_non_formal,1,1.0,2,2,0,1.0,,,0.0,success,0,35.228300010203384,1,1.0,1.0,1,0,1,35.228300010203384,0.0,0,0,0,0,0,1,0
dynamics_002:patch_only:r1,dynamics_002,dynamics_articulation,patch_only,mock,benchmark-fixture-v2-roundtrip,1,mock_non_formal,1,1.0,2,2,0,1.0,,,0.0,success,0,3.9961000002222136,1,1.0,1.0,1,0,1,3.9961000002222136,0.0,0,0,0,0,0,1,0
dynamics_003:patch_only:r1,dynamics_003,dynamics_articulation,patch_only,mock,benchmark-fixture-v2-roundtrip,1,mock_non_formal,1,1.0,2,2,0,1.0,,,0.0,success,0,3.4232000034535304,1,1.0,1.0,1,0,1,3.4232000034535304,0.0,0,0,0,0,0,1,0
dynamics_003:sera_full:r1,dynamics_003,dynamics_articulation,sera_full,mock,benchmark-fixture-v2-roundtrip,1,mock_non_formal,1,1.0,2,2,0,1.0,,,0.0,success,0,23.72569999715779,1,1.0,1.0,1,0,1,23.72569999715779,0.0,0,0,0,0,0,1,0
dynamics_004:patch_only:r1,dynamics_004,dynamics_articulation,patch_only,mock,benchmark-fixture-v2-roundtrip,1,mock_non_formal,1,1.0,2,2,0,1.0,,,0.0,success,0,3.4484000061638653,1,1.0,1.0,1,0,1,3.4484000061638653,0.0,0,0,0,0,0,1,0
dynamics_004:full_rewrite:r1,dynamics_004,dynamics_articulation,full_rewrite,mock,benchmark-fixture-v2-roundtrip,1,mock_non_formal,1,1.0,2,2,0,1.0,,,0.0,success,0,25.22930000850465,1,1.0,1.0,1,0,,25.22930000850465,0.0,0,0,0,0,0,1,0
dynamics_004:sera_full:r1,dynamics_004,dynamics_articulation,sera_full,mock,benchmark-fixture-v2-roundtrip,1,mock_non_formal,1,1.0,2,2,0,1.0,,,0.0,success,0,45.223599998280406,1,1.0,1.0,1,0,1,45.223599998280406,0.0,0,0,0,0,0,1,0
dynamics_005:patch_only:r1,dynamics_005,dynamics_articulation,patch_only,mock,benchmark-fixture-v2-roundtrip,1,mock_non_formal,1,1.0,2,2,0,1.0,,,0.0,success,0,3.25880000309553,1,1.0,1.0,1,0,1,3.25880000309553,0.0,0,0,0,0,0,1,0
dynamics_005:full_rewrite:r1,dynamics_005,dynamics_articulation,full_rewrite,mock,benchmark-fixture-v2-roundtrip,1,mock_non_formal,1,1.0,2,2,0,1.0,,,0.0,success,0,20.124000002397224,1,1.0,1.0,1,0,,20.124000002397224,0.0,0,0,0,0,0,1,0
insertion_001:full_rewrite:r1,insertion_001,insertion_deletion,full_rewrite,mock,benchmark-fixture-v2-roundtrip,1,mock_non_formal,1,1.0,2,2,0,1.0,,,0.0,success,0,13.017599994782358,1,1.0,1.0,1,0,,13.017599994782358,0.0,0,0,0,0,0,1,0
dynamics_005:sera_full:r1,dynamics_005,dynamics_articulation,sera_full,mock,benchmark-fixture-v2-roundtrip,1,mock_non_formal,1,1.0,2,2,0,1.0,,,0.0,success,0,78.16590000584256,1,1.0,1.0,1,0,1,78.16590000584256,0.0,0,0,0,0,0,1,0
insertion_001:patch_only:r1,insertion_001,insertion_deletion,patch_only,mock,benchmark-fixture-v2-roundtrip,1,mock_non_formal,1,1.0,2,2,0,1.0,,,0.0,success,0,3.832599992165342,1,1.0,1.0,1,0,1,3.832599992165342,0.0,0,0,0,0,0,1,0
insertion_002:full_rewrite:r1,insertion_002,insertion_deletion,full_rewrite,mock,benchmark-fixture-v2-roundtrip,1,mock_non_formal,1,1.0,2,2,0,1.0,,,0.0,success,0,7.181400011177175,1,1.0,1.0,1,0,,7.181400011177175,0.0,0,0,0,0,0,1,0
insertion_001:sera_full:r1,insertion_001,insertion_deletion,sera_full,mock,benchmark-fixture-v2-roundtrip,1,mock_non_formal,1,1.0,2,2,0,1.0,,,0.0,success,0,51.8712999910349,1,1.0,1.0,1,0,1,51.8712999910349,0.0,0,0,0,0,0,1,0
insertion_002:patch_only:r1,insertion_002,insertion_deletion,patch_only,mock,benchmark-fixture-v2-roundtrip,1,mock_non_formal,1,1.0,2,2,0,1.0,,,0.0,success,0,5.178799998247996,1,1.0,1.0,1,0,1,5.178799998247996,0.0,0,0,0,0,0,1,0
insertion_002:sera_full:r1,insertion_002,insertion_deletion,sera_full,mock,benchmark-fixture-v2-roundtrip,1,mock_non_formal,1,1.0,2,2,0,1.0,,,0.0,success,0,28.976799992960878,1,1.0,1.0,1,0,1,28.976799992960878,0.0,0,0,0,0,0,1,0
insertion_003:full_rewrite:r1,insertion_003,insertion_deletion,full_rewrite,mock,benchmark-fixture-v2-roundtrip,1,mock_non_formal,1,1.0,2,2,0,1.0,,,0.0,success,0,7.840099991881289,1,1.0,1.0,1,0,,7.840099991881289,0.0,0,0,0,0,0,1,0
insertion_003:patch_only:r1,insertion_003,insertion_deletion,patch_only,mock,benchmark-fixture-v2-roundtrip,1,mock_non_formal,1,1.0,2,2,0,1.0,,,0.0,success,0,4.231300001265481,1,1.0,1.0,1,0,1,4.231300001265481,0.0,0,0,0,0,0,1,0
insertion_003:sera_full:r1,insertion_003,insertion_deletion,sera_full,mock,benchmark-fixture-v2-roundtrip,1,mock_non_formal,1,1.0,2,2,0,1.0,,,0.0,success,0,33.58120001212228,1,1.0,1.0,1,0,1,33.58120001212228,0.0,0,0,0,0,0,1,0
insertion_004:full_rewrite:r1,insertion_004,insertion_deletion,full_rewrite,mock,benchmark-fixture-v2-roundtrip,1,mock_non_formal,1,1.0,2,2,0,1.0,,,0.0,success,0,9.363199991639704,1,1.0,1.0,1,0,,9.363199991639704,0.0,0,0,0,0,0,1,0
insertion_004:patch_only:r1,insertion_004,insertion_deletion,patch_only,mock,benchmark-fixture-v2-roundtrip,1,mock_non_formal,1,1.0,2,2,0,1.0,,,0.0,success,0,4.791300001670606,1,1.0,1.0,1,0,1,4.791300001670606,0.0,0,0,0,0,0,1,0
insertion_004:sera_full:r1,insertion_004,insertion_deletion,sera_full,mock,benchmark-fixture-v2-roundtrip,1,mock_non_formal,1,1.0,2,2,0,1.0,,,0.0,success,0,22.494899996672757,1,1.0,1.0,1,0,1,22.494899996672757,0.0,0,0,0,0,0,1,0
insertion_005:full_rewrite:r1,insertion_005,insertion_deletion,full_rewrite,mock,benchmark-fixture-v2-roundtrip,1,mock_non_formal,1,1.0,2,2,0,1.0,,,0.0,success,0,9.765900002093986,1,1.0,1.0,1,0,,9.765900002093986,0.0,0,0,0,0,0,1,0
insertion_005:patch_only:r1,insertion_005,insertion_deletion,patch_only,mock,benchmark-fixture-v2-roundtrip,1,mock_non_formal,1,1.0,2,2,0,1.0,,,0.0,success,0,4.222899995511398,1,1.0,1.0,1,0,1,4.222899995511398,0.0,0,0,0,0,0,1,0
insertion_005:sera_full:r1,insertion_005,insertion_deletion,sera_full,mock,benchmark-fixture-v2-roundtrip,1,mock_non_formal,1,1.0,2,2,0,1.0,,,0.0,success,0,24.980799993500113,1,1.0,1.0,1,0,1,24.980799993500113,0.0,0,0,0,0,0,1,0
key_001:full_rewrite:r1,key_001,key_harmony,full_rewrite,mock,benchmark-fixture-v2-roundtrip,1,mock_non_formal,1,1.0,2,2,0,1.0,,,0.0,success,0,8.00370000069961,1,1.0,1.0,1,0,,8.00370000069961,0.0,0,0,0,0,0,1,0
key_001:patch_only:r1,key_001,key_harmony,patch_only,mock,benchmark-fixture-v2-roundtrip,1,mock_non_formal,1,1.0,2,2,0,1.0,,,0.0,success,0,3.7749999901279807,1,1.0,1.0,1,0,1,3.7749999901279807,0.0,0,0,0,0,0,1,0
key_001:sera_full:r1,key_001,key_harmony,sera_full,mock,benchmark-fixture-v2-roundtrip,1,mock_non_formal,1,1.0,2,2,0,1.0,,,0.0,success,0,22.8110000025481,1,1.0,1.0,1,0,1,22.8110000025481,0.0,0,0,0,0,0,1,0
key_002:full_rewrite:r1,key_002,key_harmony,full_rewrite,mock,benchmark-fixture-v2-roundtrip,1,mock_non_formal,1,1.0,2,2,0,1.0,,,0.0,success,0,8.30820000555832,1,1.0,1.0,1,0,,8.30820000555832,0.0,0,0,0,0,0,1,0
key_002:patch_only:r1,key_002,key_harmony,patch_only,mock,benchmark-fixture-v2-roundtrip,1,mock_non_formal,1,1.0,2,2,0,1.0,,,0.0,success,0,3.479700011666864,1,1.0,1.0,1,0,1,3.479700011666864,0.0,0,0,0,0,0,1,0
key_002:sera_full:r1,key_002,key_harmony,sera_full,mock,benchmark-fixture-v2-roundtrip,1,mock_non_formal,1,1.0,2,2,0,1.0,,,0.0,success,0,27.39329999894835,1,1.0,1.0,1,0,1,27.39329999894835,0.0,0,0,0,0,0,1,0
key_003:patch_only:r1,key_003,key_harmony,patch_only,mock,benchmark-fixture-v2-roundtrip,1,mock_non_formal,1,1.0,2,2,0,1.0,,,0.0,success,0,2.8759999986505136,1,1.0,1.0,1,0,1,2.8759999986505136,0.0,0,0,0,0,0,1,0
key_003:full_rewrite:r1,key_003,key_harmony,full_rewrite,mock,benchmark-fixture-v2-roundtrip,1,mock_non_formal,1,1.0,2,2,0,1.0,,,0.0,success,0,9.37050000356976,1,1.0,1.0,1,0,,9.37050000356976,0.0,0,0,0,0,0,1,0
key_003:sera_full:r1,key_003,key_harmony,sera_full,mock,benchmark-fixture-v2-roundtrip,1,mock_non_formal,1,1.0,2,2,0,1.0,,,0.0,success,0,18.464699998730794,1,1.0,1.0,1,0,1,18.464699998730794,0.0,0,0,0,0,0,1,0
key_004:full_rewrite:r1,key_004,key_harmony,full_rewrite,mock,benchmark-fixture-v2-roundtrip,1,mock_non_formal,1,1.0,2,2,0,1.0,,,0.0,success,0,8.636600003228523,1,1.0,1.0,1,0,,8.636600003228523,0.0,0,0,0,0,0,1,0
key_004:patch_only:r1,key_004,key_harmony,patch_only,mock,benchmark-fixture-v2-roundtrip,1,mock_non_formal,1,1.0,2,2,0,1.0,,,0.0,success,0,3.0217000021366403,1,1.0,1.0,1,0,1,3.0217000021366403,0.0,0,0,0,0,0,1,0
key_004:sera_full:r1,key_004,key_harmony,sera_full,mock,benchmark-fixture-v2-roundtrip,1,mock_non_formal,1,1.0,2,2,0,1.0,,,0.0,success,0,63.704699990921654,1,1.0,1.0,1,0,1,63.704699990921654,0.0,0,0,0,0,0,1,0
key_005:patch_only:r1,key_005,key_harmony,patch_only,mock,benchmark-fixture-v2-roundtrip,1,mock_non_formal,1,1.0,2,2,0,1.0,,,0.0,success,0,3.561899997293949,1,1.0,1.0,1,0,1,3.561899997293949,0.0,0,0,0,0,0,1,0
key_005:full_rewrite:r1,key_005,key_harmony,full_rewrite,mock,benchmark-fixture-v2-roundtrip,1,mock_non_formal,1,1.0,2,2,0,1.0,,,0.0,success,0,16.56189998902846,1,1.0,1.0,1,0,,16.56189998902846,0.0,0,0,0,0,0,1,0
key_005:sera_full:r1,key_005,key_harmony,sera_full,mock,benchmark-fixture-v2-roundtrip,1,mock_non_formal,1,1.0,2,2,0,1.0,,,0.0,success,0,20.200500002829358,1,1.0,1.0,1,0,1,20.200500002829358,0.0,0,0,0,0,0,1,0
pitch_001:full_rewrite:r1,pitch_001,pitch_transposition,full_rewrite,mock,benchmark-fixture-v2-roundtrip,1,mock_non_formal,1,1.0,2,2,0,1.0,,,0.0,success,0,6.957000005058944,1,1.0,1.0,1,0,,6.957000005058944,0.0,0,0,0,0,0,1,0
pitch_001:patch_only:r1,pitch_001,pitch_transposition,patch_only,mock,benchmark-fixture-v2-roundtrip,1,mock_non_formal,1,1.0,2,2,0,1.0,,,0.0,success,0,3.024400008143857,1,1.0,1.0,1,0,1,3.024400008143857,0.0,0,0,0,0,0,1,0
pitch_001:sera_full:r1,pitch_001,pitch_transposition,sera_full,mock,benchmark-fixture-v2-roundtrip,1,mock_non_formal,1,1.0,2,2,0,1.0,,,0.0,success,0,21.54770000197459,1,1.0,1.0,1,0,1,21.54770000197459,0.0,0,0,0,0,0,1,0
pitch_002:patch_only:r1,pitch_002,pitch_transposition,patch_only,mock,benchmark-fixture-v2-roundtrip,1,mock_non_formal,1,1.0,2,2,0,1.0,,,0.0,success,0,3.4146999969379976,1,1.0,1.0,1,0,1,3.4146999969379976,0.0,0,0,0,0,0,1,0
pitch_002:full_rewrite:r1,pitch_002,pitch_transposition,full_rewrite,mock,benchmark-fixture-v2-roundtrip,1,mock_non_formal,1,1.0,2,2,0,1.0,,,0.0,success,0,8.00149999849964,1,1.0,1.0,1,0,,8.00149999849964,0.0,0,0,0,0,0,1,0
pitch_002:sera_full:r1,pitch_002,pitch_transposition,sera_full,mock,benchmark-fixture-v2-roundtrip,1,mock_non_formal,1,1.0,2,2,0,1.0,,,0.0,success,0,20.006399994599633,1,1.0,1.0,1,0,1,20.006399994599633,0.0,0,0,0,0,0,1,0
pitch_003:full_rewrite:r1,pitch_003,pitch_transposition,full_rewrite,mock,benchmark-fixture-v2-roundtrip,1,mock_non_formal,1,1.0,2,2,0,1.0,,,0.0,success,0,8.801700008916669,1,1.0,1.0,1,0,,8.801700008916669,0.0,0,0,0,0,0,1,0
pitch_003:patch_only:r1,pitch_003,pitch_transposition,patch_only,mock,benchmark-fixture-v2-roundtrip,1,mock_non_formal,1,1.0,2,2,0,1.0,,,0.0,success,0,3.8908999995328486,1,1.0,1.0,1,0,1,3.8908999995328486,0.0,0,0,0,0,0,1,0
pitch_003:sera_full:r1,pitch_003,pitch_transposition,sera_full,mock,benchmark-fixture-v2-roundtrip,1,mock_non_formal,1,1.0,2,2,0,1.0,,,0.0,success,0,20.84820000163745,1,1.0,1.0,1,0,1,20.84820000163745,0.0,0,0,0,0,0,1,0
pitch_004:full_rewrite:r1,pitch_004,pitch_transposition,full_rewrite,mock,benchmark-fixture-v2-roundtrip,1,mock_non_formal,1,1.0,2,2,0,1.0,,,0.0,success,0,9.042899997439235,1,1.0,1.0,1,0,,9.042899997439235,0.0,0,0,0,0,0,1,0
pitch_004:patch_only:r1,pitch_004,pitch_transposition,patch_only,mock,benchmark-fixture-v2-roundtrip,1,mock_non_formal,1,1.0,2,2,0,1.0,,,0.0,success,0,2.6756999868666753,1,1.0,1.0,1,0,1,2.6756999868666753,0.0,0,0,0,0,0,1,0
pitch_004:sera_full:r1,pitch_004,pitch_transposition,sera_full,mock,benchmark-fixture-v2-roundtrip,1,mock_non_formal,1,1.0,2,2,0,1.0,,,0.0,success,0,26.931500004138798,1,1.0,1.0,1,0,1,26.931500004138798,0.0,0,0,0,0,0,1,0
pitch_005:patch_only:r1,pitch_005,pitch_transposition,patch_only,mock,benchmark-fixture-v2-roundtrip,1,mock_non_formal,1,1.0,2,2,0,1.0,,,0.0,success,0,3.1383999885292724,1,1.0,1.0,1,0,1,3.1383999885292724,0.0,0,0,0,0,0,1,0
pitch_005:full_rewrite:r1,pitch_005,pitch_transposition,full_rewrite,mock,benchmark-fixture-v2-roundtrip,1,mock_non_formal,1,1.0,2,2,0,1.0,,,0.0,success,0,7.912200002465397,1,1.0,1.0,1,0,,7.912200002465397,0.0,0,0,0,0,0,1,0
pitch_005:sera_full:r1,pitch_005,pitch_transposition,sera_full,mock,benchmark-fixture-v2-roundtrip,1,mock_non_formal,1,1.0,2,2,0,1.0,,,0.0,success,0,20.8682999946177,1,1.0,1.0,1,0,1,20.8682999946177,0.0,0,0,0,0,0,1,0
rhythm_001:full_rewrite:r1,rhythm_001,rhythm_duration,full_rewrite,mock,benchmark-fixture-v2-roundtrip,1,mock_non_formal,1,1.0,2,2,0,1.0,,,0.0,success,0,7.129899997380562,1,1.0,1.0,1,0,,7.129899997380562,0.0,0,0,0,0,0,1,0
rhythm_001:patch_only:r1,rhythm_001,rhythm_duration,patch_only,mock,benchmark-fixture-v2-roundtrip,1,mock_non_formal,1,1.0,2,2,0,1.0,,,0.0,success,0,3.724900001543574,1,1.0,1.0,1,0,1,3.724900001543574,0.0,0,0,0,0,0,1,0
rhythm_001:sera_full:r1,rhythm_001,rhythm_duration,sera_full,mock,benchmark-fixture-v2-roundtrip,1,mock_non_formal,1,1.0,2,2,0,1.0,,,0.0,success,0,20.21039999090135,1,1.0,1.0,1,0,1,20.21039999090135,0.0,0,0,0,0,0,1,0
rhythm_002:full_rewrite:r1,rhythm_002,rhythm_duration,full_rewrite,mock,benchmark-fixture-v2-roundtrip,1,mock_non_formal,1,1.0,2,2,0,1.0,,,0.0,success,0,6.8254000070737675,1,1.0,1.0,1,0,,6.8254000070737675,0.0,0,0,0,0,0,1,0
rhythm_002:patch_only:r1,rhythm_002,rhythm_duration,patch_only,mock,benchmark-fixture-v2-roundtrip,1,mock_non_formal,1,1.0,2,2,0,1.0,,,0.0,success,0,3.60769999679178,1,1.0,1.0,1,0,1,3.60769999679178,0.0,0,0,0,0,0,1,0
rhythm_002:sera_full:r1,rhythm_002,rhythm_duration,sera_full,mock,benchmark-fixture-v2-roundtrip,1,mock_non_formal,1,1.0,2,2,0,1.0,,,0.0,success,0,20.64859999518376,1,1.0,1.0,1,0,1,20.64859999518376,0.0,0,0,0,0,0,1,0
rhythm_003:full_rewrite:r1,rhythm_003,rhythm_duration,full_rewrite,mock,benchmark-fixture-v2-roundtrip,1,mock_non_formal,1,1.0,2,2,0,1.0,,,0.0,success,0,7.803899992723018,1,1.0,1.0,1,0,,7.803899992723018,0.0,0,0,0,0,0,1,0
rhythm_003:patch_only:r1,rhythm_003,rhythm_duration,patch_only,mock,benchmark-fixture-v2-roundtrip,1,mock_non_formal,1,1.0,2,2,0,1.0,,,0.0,success,0,4.409800007124431,1,1.0,1.0,1,0,1,4.409800007124431,0.0,0,0,0,0,0,1,0
rhythm_003:sera_full:r1,rhythm_003,rhythm_duration,sera_full,mock,benchmark-fixture-v2-roundtrip,1,mock_non_formal,1,1.0,2,2,0,1.0,,,0.0,success,0,80.00630000606179,1,1.0,1.0,1,0,1,80.00630000606179,0.0,0,0,0,0,0,1,0
rhythm_004:full_rewrite:r1,rhythm_004,rhythm_duration,full_rewrite,mock,benchmark-fixture-v2-roundtrip,1,mock_non_formal,1,1.0,2,2,0,1.0,,,0.0,success,0,6.827699995483272,1,1.0,1.0,1,0,,6.827699995483272,0.0,0,0,0,0,0,1,0
rhythm_004:patch_only:r1,rhythm_004,rhythm_duration,patch_only,mock,benchmark-fixture-v2-roundtrip,1,mock_non_formal,1,1.0,2,2,0,1.0,,,0.0,success,0,3.46989999525249,1,1.0,1.0,1,0,1,3.46989999525249,0.0,0,0,0,0,0,1,0
rhythm_004:sera_full:r1,rhythm_004,rhythm_duration,sera_full,mock,benchmark-fixture-v2-roundtrip,1,mock_non_formal,1,1.0,2,2,0,1.0,,,0.0,success,0,20.725800000946037,1,1.0,1.0,1,0,1,20.725800000946037,0.0,0,0,0,0,0,1,0
rhythm_005:full_rewrite:r1,rhythm_005,rhythm_duration,full_rewrite,mock,benchmark-fixture-v2-roundtrip,1,mock_non_formal,1,1.0,2,2,0,1.0,,,0.0,success,0,8.194900001399219,1,1.0,1.0,1,0,,8.194900001399219,0.0,0,0,0,0,0,1,0
rhythm_005:patch_only:r1,rhythm_005,rhythm_duration,patch_only,mock,benchmark-fixture-v2-roundtrip,1,mock_non_formal,1,1.0,2,2,0,1.0,,,0.0,success,0,3.635300003224984,1,1.0,1.0,1,0,1,3.635300003224984,0.0,0,0,0,0,0,1,0
rhythm_005:sera_full:r1,rhythm_005,rhythm_duration,sera_full,mock,benchmark-fixture-v2-roundtrip,1,mock_non_formal,1,1.0,2,2,0,1.0,,,0.0,success,0,19.67220001097303,1,1.0,1.0,1,0,1,19.67220001097303,0.0,0,0,0,0,0,1,0
pitch_006:full_rewrite:r1,pitch_006,pitch_transposition,full_rewrite,mock,benchmark-fixture-v2-roundtrip,1,mock_non_formal,1,1.0,2,2,0,1.0,,,0.0,success,0,13.078899995889515,1,1.0,1.0,1,0,,13.078899995889515,0.0,0,0,0,0,0,1,0
pitch_006:patch_only:r1,pitch_006,pitch_transposition,patch_only,mock,benchmark-fixture-v2-roundtrip,1,mock_non_formal,1,1.0,2,2,0,1.0,,,0.0,success,0,4.720099997939542,1,1.0,1.0,1,0,1,4.720099997939542,0.0,0,0,0,0,0,1,0
pitch_006:sera_full:r1,pitch_006,pitch_transposition,sera_full,mock,benchmark-fixture-v2-roundtrip,1,mock_non_formal,1,1.0,2,2,0,1.0,,,0.0,success,0,58.61639999784529,1,1.0,1.0,1,0,1,58.61639999784529,0.0,0,0,0,0,0,1,0
rhythm_006:full_rewrite:r1,rhythm_006,rhythm_duration,full_rewrite,mock,benchmark-fixture-v2-roundtrip,1,mock_non_formal,1,1.0,2,2,0,1.0,,,0.0,success,0,21.55640001001302,1,1.0,1.0,1,0,,21.55640001001302,0.0,0,0,0,0,0,1,0
rhythm_006:patch_only:r1,rhythm_006,rhythm_duration,patch_only,mock,benchmark-fixture-v2-roundtrip,1,mock_non_formal,1,1.0,2,2,0,1.0,,,0.0,success,0,6.6759000037563965,1,1.0,1.0,1,0,1,6.6759000037563965,0.0,0,0,0,0,0,1,0
rhythm_006:sera_full:r1,rhythm_006,rhythm_duration,sera_full,mock,benchmark-fixture-v2-roundtrip,1,mock_non_formal,1,1.0,2,2,0,1.0,,,0.0,success,0,46.06199999398086,1,1.0,1.0,1,0,1,46.06199999398086,0.0,0,0,0,0,0,1,0
key_006:full_rewrite:r1,key_006,key_harmony,full_rewrite,mock,benchmark-fixture-v2-roundtrip,1,mock_non_formal,1,1.0,2,2,0,1.0,,,0.0,success,0,17.587800000910647,1,1.0,1.0,1,0,,17.587800000910647,0.0,0,0,0,0,0,1,0
key_006:patch_only:r1,key_006,key_harmony,patch_only,mock,benchmark-fixture-v2-roundtrip,1,mock_non_formal,1,1.0,2,2,0,1.0,,,0.0,success,0,5.038499992224388,1,1.0,1.0,1,0,1,5.038499992224388,0.0,0,0,0,0,0,1,0
key_006:sera_full:r1,key_006,key_harmony,sera_full,mock,benchmark-fixture-v2-roundtrip,1,mock_non_formal,1,1.0,2,2,0,1.0,,,0.0,success,0,63.75849999312777,1,1.0,1.0,1,0,1,63.75849999312777,0.0,0,0,0,0,0,1,0
voice_001:full_rewrite:r1,voice_001,voice_texture,full_rewrite,mock,benchmark-fixture-v2-roundtrip,1,mock_non_formal,1,1.0,8,8,0,1.0,,,0.0,success,0,60.62380000366829,1,1.0,1.0,1,0,,60.62380000366829,0.0,0,0,0,0,0,1,0
voice_001:patch_only:r1,voice_001,voice_texture,patch_only,mock,benchmark-fixture-v2-roundtrip,1,mock_non_formal,1,1.0,8,8,0,1.0,,,0.0,success,0,5.06860000314191,1,1.0,1.0,1,0,1,5.06860000314191,0.0,0,0,0,0,0,1,0
voice_001:sera_full:r1,voice_001,voice_texture,sera_full,mock,benchmark-fixture-v2-roundtrip,1,mock_non_formal,1,1.0,8,8,0,1.0,,,0.0,success,0,49.88970000704285,1,1.0,1.0,1,0,1,49.88970000704285,0.0,0,0,0,0,0,1,0
dynamics_006:full_rewrite:r1,dynamics_006,dynamics_articulation,full_rewrite,mock,benchmark-fixture-v2-roundtrip,1,mock_non_formal,1,1.0,3,3,0,1.0,,,0.0,success,0,29.408100002910942,1,1.0,1.0,1,0,,29.408100002910942,0.0,0,0,0,0,0,1,0
dynamics_006:patch_only:r1,dynamics_006,dynamics_articulation,patch_only,mock,benchmark-fixture-v2-roundtrip,1,mock_non_formal,1,1.0,3,3,0,1.0,,,0.0,success,0,10.88990000425838,1,1.0,1.0,1,0,1,10.88990000425838,0.0,0,0,0,0,0,1,0
dynamics_006:sera_full:r1,dynamics_006,dynamics_articulation,sera_full,mock,benchmark-fixture-v2-roundtrip,1,mock_non_formal,1,1.0,3,3,0,1.0,,,0.0,success,0,66.81630000821315,1,1.0,1.0,1,0,1,66.81630000821315,0.0,0,0,0,0,0,1,0
insertion_006:patch_only:r1,insertion_006,insertion_deletion,patch_only,mock,benchmark-fixture-v2-roundtrip,1,mock_non_formal,1,1.0,2,2,0,1.0,,,0.0,success,0,5.688999997801147,1,1.0,1.0,1,0,1,5.688999997801147,0.0,0,0,0,0,0,1,0
insertion_006:full_rewrite:r1,insertion_006,insertion_deletion,full_rewrite,mock,benchmark-fixture-v2-roundtrip,1,mock_non_formal,1,1.0,2,2,0,1.0,,,0.0,success,0,37.78190001321491,1,1.0,1.0,1,0,,37.78190001321491,0.0,0,0,0,0,0,1,0
ties_001:full_rewrite:r1,ties_001,ties_slurs_ornaments,full_rewrite,mock,benchmark-fixture-v2-roundtrip,1,mock_non_formal,1,1.0,4,4,0,1.0,,,0.0,success,0,14.55089999944903,1,1.0,1.0,1,0,,14.55089999944903,0.0,0,0,0,0,0,1,0
insertion_006:sera_full:r1,insertion_006,insertion_deletion,sera_full,mock,benchmark-fixture-v2-roundtrip,1,mock_non_formal,1,1.0,2,2,0,1.0,,,0.0,success,0,86.89640001102816,1,1.0,1.0,1,0,1,86.89640001102816,0.0,0,0,0,0,0,1,0
ties_001:patch_only:r1,ties_001,ties_slurs_ornaments,patch_only,mock,benchmark-fixture-v2-roundtrip,1,mock_non_formal,1,1.0,4,4,0,1.0,,,0.0,success,0,3.180699990480207,1,1.0,1.0,1,0,1,3.180699990480207,0.0,0,0,0,0,0,1,0
meter_001:full_rewrite:r1,meter_001,meter_measure_structure,full_rewrite,mock,benchmark-fixture-v2-roundtrip,1,mock_non_formal,1,1.0,3,3,0,1.0,,,0.0,success,0,20.654199994169176,1,1.0,1.0,1,0,,20.654199994169176,0.0,0,0,0,0,0,1,0
meter_001:patch_only:r1,meter_001,meter_measure_structure,patch_only,mock,benchmark-fixture-v2-roundtrip,1,mock_non_formal,1,1.0,3,3,0,1.0,,,0.0,success,0,2.7542000025277957,1,1.0,1.0,1,0,1,2.7542000025277957,0.0,0,0,0,0,0,1,0
ties_001:sera_full:r1,ties_001,ties_slurs_ornaments,sera_full,mock,benchmark-fixture-v2-roundtrip,1,mock_non_formal,1,1.0,4,4,0,1.0,,,0.0,success,0,49.06900000059977,1,1.0,1.0,1,0,1,49.06900000059977,0.0,0,0,0,0,0,1,0
meter_001:sera_full:r1,meter_001,meter_measure_structure,sera_full,mock,benchmark-fixture-v2-roundtrip,1,mock_non_formal,1,1.0,3,3,0,1.0,,,0.0,success,0,33.14059998956509,1,1.0,1.0,1,0,1,33.14059998956509,0.0,0,0,0,0,0,1,0
compound_001:full_rewrite:r1,compound_001,compound_multi_step,full_rewrite,mock,benchmark-fixture-v2-roundtrip,1,mock_non_formal,1,1.0,3,3,0,1.0,,,0.0,success,0,30.592499999329448,1,1.0,1.0,1,0,,30.592499999329448,0.0,0,0,0,0,0,1,0
compound_001:patch_only:r1,compound_001,compound_multi_step,patch_only,mock,benchmark-fixture-v2-roundtrip,1,mock_non_formal,1,1.0,3,3,0,1.0,,,0.0,success,0,3.343699994729832,1,1.0,1.0,1,0,1,3.343699994729832,0.0,0,0,0,0,0,1,0
compound_001:sera_full:r1,compound_001,compound_multi_step,sera_full,mock,benchmark-fixture-v2-roundtrip,1,mock_non_formal,1,1.0,3,3,0,1.0,,,0.0,success,0,25.424000006751157,1,1.0,1.0,1,0,1,25.424000006751157,0.0,0,0,0,0,0,1,0
conflict_006:full_rewrite:r1,conflict_006,conflicting_or_unsupported,full_rewrite,mock,benchmark-fixture-v2-roundtrip,1,mock_non_formal,1,1.0,1,1,1,1.0,,,0.0,refuse,0,0.0015999976312741637,,1.0,1.0,0,0,,0.0015999976312741637,0.0,1,0,0,0,0,1,0
conflict_006:patch_only:r1,conflict_006,conflicting_or_unsupported,patch_only,mock,benchmark-fixture-v2-roundtrip,1,mock_non_formal,1,1.0,1,1,1,1.0,,,0.0,refuse,0,0.0012999953469261527,,1.0,1.0,0,0,,0.0012999953469261527,0.0,1,0,0,0,0,1,0
conflict_006:sera_full:r1,conflict_006,conflicting_or_unsupported,sera_full,mock,benchmark-fixture-v2-roundtrip,1,mock_non_formal,1,1.0,1,1,1,1.0,,,0.0,refuse,0,0.001500011421740055,,1.0,1.0,0,0,,0.001500011421740055,0.0,1,0,0,0,0,1,0
pitch_007:full_rewrite:r1,pitch_007,pitch_transposition,full_rewrite,mock,benchmark-fixture-v2-roundtrip,1,mock_non_formal,1,1.0,2,2,0,1.0,,,0.0,success,0,9.544200001982972,1,1.0,1.0,1,0,,9.544200001982972,0.0,0,0,0,0,0,1,0
pitch_007:patch_only:r1,pitch_007,pitch_transposition,patch_only,mock,benchmark-fixture-v2-roundtrip,1,mock_non_formal,1,1.0,2,2,0,1.0,,,0.0,success,0,2.848199990694411,1,1.0,1.0,1,0,1,2.848199990694411,0.0,0,0,0,0,0,1,0
pitch_007:sera_full:r1,pitch_007,pitch_transposition,sera_full,mock,benchmark-fixture-v2-roundtrip,1,mock_non_formal,1,1.0,2,2,0,1.0,,,0.0,success,0,31.921499990858138,1,1.0,1.0,1,0,1,31.921499990858138,0.0,0,0,0,0,0,1,0
rhythm_007:full_rewrite:r1,rhythm_007,rhythm_duration,full_rewrite,mock,benchmark-fixture-v2-roundtrip,1,mock_non_formal,1,1.0,2,2,0,1.0,,,0.0,success,0,19.785099997534417,1,1.0,1.0,1,0,,19.785099997534417,0.0,0,0,0,0,0,1,0
rhythm_007:patch_only:r1,rhythm_007,rhythm_duration,patch_only,mock,benchmark-fixture-v2-roundtrip,1,mock_non_formal,1,1.0,2,2,0,1.0,,,0.0,success,0,4.031000004033558,1,1.0,1.0,1,0,1,4.031000004033558,0.0,0,0,0,0,0,1,0
rhythm_007:sera_full:r1,rhythm_007,rhythm_duration,sera_full,mock,benchmark-fixture-v2-roundtrip,1,mock_non_formal,1,1.0,2,2,0,1.0,,,0.0,success,0,25.583299997379072,1,1.0,1.0,1,0,1,25.583299997379072,0.0,0,0,0,0,0,1,0
key_007:full_rewrite:r1,key_007,key_harmony,full_rewrite,mock,benchmark-fixture-v2-roundtrip,1,mock_non_formal,1,1.0,2,2,0,1.0,,,0.0,success,0,11.09339999675285,1,1.0,1.0,1,0,,11.09339999675285,0.0,0,0,0,0,0,1,0
key_007:patch_only:r1,key_007,key_harmony,patch_only,mock,benchmark-fixture-v2-roundtrip,1,mock_non_formal,1,1.0,2,2,0,1.0,,,0.0,success,0,3.3617000008234754,1,1.0,1.0,1,0,1,3.3617000008234754,0.0,0,0,0,0,0,1,0
key_007:sera_full:r1,key_007,key_harmony,sera_full,mock,benchmark-fixture-v2-roundtrip,1,mock_non_formal,1,1.0,2,2,0,1.0,,,0.0,success,0,27.04299999459181,1,1.0,1.0,1,0,1,27.04299999459181,0.0,0,0,0,0,0,1,0
voice_002:patch_only:r1,voice_002,voice_texture,patch_only,mock,benchmark-fixture-v2-roundtrip,1,mock_non_formal,1,1.0,6,6,0,1.0,,,0.0,success,0,3.499400001601316,1,1.0,1.0,1,0,1,3.499400001601316,0.0,0,0,0,0,0,1,0
voice_002:full_rewrite:r1,voice_002,voice_texture,full_rewrite,mock,benchmark-fixture-v2-roundtrip,1,mock_non_formal,1,1.0,6,6,0,1.0,,,0.0,success,0,20.07350001076702,1,1.0,1.0,1,0,,20.07350001076702,0.0,0,0,0,0,0,1,0
voice_002:sera_full:r1,voice_002,voice_texture,sera_full,mock,benchmark-fixture-v2-roundtrip,1,mock_non_formal,1,1.0,6,6,0,1.0,,,0.0,success,0,31.211900000926107,1,1.0,1.0,1,0,1,31.211900000926107,0.0,0,0,0,0,0,1,0
dynamics_007:full_rewrite:r1,dynamics_007,dynamics_articulation,full_rewrite,mock,benchmark-fixture-v2-roundtrip,1,mock_non_formal,1,1.0,3,3,0,1.0,,,0.0,success,0,58.12229998991825,1,1.0,1.0,1,0,,58.12229998991825,0.0,0,0,0,0,0,1,0
dynamics_007:patch_only:r1,dynamics_007,dynamics_articulation,patch_only,mock,benchmark-fixture-v2-roundtrip,1,mock_non_formal,1,1.0,3,3,0,1.0,,,0.0,success,0,3.2627000036882237,1,1.0,1.0,1,0,1,3.2627000036882237,0.0,0,0,0,0,0,1,0
dynamics_007:sera_full:r1,dynamics_007,dynamics_articulation,sera_full,mock,benchmark-fixture-v2-roundtrip,1,mock_non_formal,1,1.0,3,3,0,1.0,,,0.0,success,0,25.757099996553734,1,1.0,1.0,1,0,1,25.757099996553734,0.0,0,0,0,0,0,1,0
insertion_007:full_rewrite:r1,insertion_007,insertion_deletion,full_rewrite,mock,benchmark-fixture-v2-roundtrip,1,mock_non_formal,1,1.0,2,2,0,1.0,,,0.0,success,0,16.45400001143571,1,1.0,1.0,1,0,,16.45400001143571,0.0,0,0,0,0,0,1,0
insertion_007:patch_only:r1,insertion_007,insertion_deletion,patch_only,mock,benchmark-fixture-v2-roundtrip,1,mock_non_formal,1,1.0,2,2,0,1.0,,,0.0,success,0,3.238199991756119,1,1.0,1.0,1,0,1,3.238199991756119,0.0,0,0,0,0,0,1,0
insertion_007:sera_full:r1,insertion_007,insertion_deletion,sera_full,mock,benchmark-fixture-v2-roundtrip,1,mock_non_formal,1,1.0,2,2,0,1.0,,,0.0,success,0,30.570900009479374,1,1.0,1.0,1,0,1,30.570900009479374,0.0,0,0,0,0,0,1,0
ties_002:full_rewrite:r1,ties_002,ties_slurs_ornaments,full_rewrite,mock,benchmark-fixture-v2-roundtrip,1,mock_non_formal,1,1.0,4,4,0,1.0,,,0.0,success,0,11.640700002317317,1,1.0,1.0,1,0,,11.640700002317317,0.0,0,0,0,0,0,1,0
ties_002:patch_only:r1,ties_002,ties_slurs_ornaments,patch_only,mock,benchmark-fixture-v2-roundtrip,1,mock_non_formal,1,1.0,4,4,0,1.0,,,0.0,success,0,3.6620999890146777,1,1.0,1.0,1,0,1,3.6620999890146777,0.0,0,0,0,0,0,1,0
ties_002:sera_full:r1,ties_002,ties_slurs_ornaments,sera_full,mock,benchmark-fixture-v2-roundtrip,1,mock_non_formal,1,1.0,4,4,0,1.0,,,0.0,success,0,32.50100000877865,1,1.0,1.0,1,0,1,32.50100000877865,0.0,0,0,0,0,0,1,0
meter_002:full_rewrite:r1,meter_002,meter_measure_structure,full_rewrite,mock,benchmark-fixture-v2-roundtrip,1,mock_non_formal,1,1.0,3,3,0,1.0,,,0.0,success,0,9.584800005541183,1,1.0,1.0,1,0,,9.584800005541183,0.0,0,0,0,0,0,1,0
meter_002:patch_only:r1,meter_002,meter_measure_structure,patch_only,mock,benchmark-fixture-v2-roundtrip,1,mock_non_formal,1,1.0,3,3,0,1.0,,,0.0,success,0,3.8379000034183264,1,1.0,1.0,1,0,1,3.8379000034183264,0.0,0,0,0,0,0,1,0
meter_002:sera_full:r1,meter_002,meter_measure_structure,sera_full,mock,benchmark-fixture-v2-roundtrip,1,mock_non_formal,1,1.0,3,3,0,1.0,,,0.0,success,0,26.216199999907985,1,1.0,1.0,1,0,1,26.216199999907985,0.0,0,0,0,0,0,1,0
compound_002:patch_only:r1,compound_002,compound_multi_step,patch_only,mock,benchmark-fixture-v2-roundtrip,1,mock_non_formal,1,1.0,3,3,0,1.0,,,0.0,success,0,5.906499995035119,1,1.0,1.0,1,0,1,5.906499995035119,0.0,0,0,0,0,0,1,0
compound_002:full_rewrite:r1,compound_002,compound_multi_step,full_rewrite,mock,benchmark-fixture-v2-roundtrip,1,mock_non_formal,1,1.0,3,3,0,1.0,,,0.0,success,0,11.797699989983812,1,1.0,1.0,1,0,,11.797699989983812,0.0,0,0,0,0,0,1,0
compound_002:sera_full:r1,compound_002,compound_multi_step,sera_full,mock,benchmark-fixture-v2-roundtrip,1,mock_non_formal,1,1.0,3,3,0,1.0,,,0.0,success,0,42.70249999535736,1,1.0,1.0,1,0,1,42.70249999535736,0.0,0,0,0,0,0,1,0
conflict_007:full_rewrite:r1,conflict_007,conflicting_or_unsupported,full_rewrite,mock,benchmark-fixture-v2-roundtrip,1,mock_non_formal,1,1.0,1,1,1,1.0,,,0.0,refuse,0,0.0012999953469261527,,1.0,1.0,0,0,,0.0012999953469261527,0.0,1,0,0,0,0,1,0
conflict_007:patch_only:r1,conflict_007,conflicting_or_unsupported,patch_only,mock,benchmark-fixture-v2-roundtrip,1,mock_non_formal,1,1.0,1,1,1,1.0,,,0.0,refuse,0,0.0026000052457675338,,1.0,1.0,0,0,,0.0026000052457675338,0.0,1,0,0,0,0,1,0
conflict_007:sera_full:r1,conflict_007,conflicting_or_unsupported,sera_full,mock,benchmark-fixture-v2-roundtrip,1,mock_non_formal,1,1.0,1,1,1,1.0,,,0.0,refuse,0,0.0018999999156221747,,1.0,1.0,0,0,,0.0018999999156221747,0.0,1,0,0,0,0,1,0
pitch_008:full_rewrite:r1,pitch_008,pitch_transposition,full_rewrite,mock,benchmark-fixture-v2-roundtrip,1,mock_non_formal,1,1.0,2,2,0,1.0,,,0.0,success,0,9.97349999670405,1,1.0,1.0,1,0,,9.97349999670405,0.0,0,0,0,0,0,1,0
pitch_008:patch_only:r1,pitch_008,pitch_transposition,patch_only,mock,benchmark-fixture-v2-roundtrip,1,mock_non_formal,1,1.0,2,2,0,1.0,,,0.0,success,0,4.419300006702542,1,1.0,1.0,1,0,1,4.419300006702542,0.0,0,0,0,0,0,1,0
pitch_008:sera_full:r1,pitch_008,pitch_transposition,sera_full,mock,benchmark-fixture-v2-roundtrip,1,mock_non_formal,1,1.0,2,2,0,1.0,,,0.0,success,0,36.77959999185987,1,1.0,1.0,1,0,1,36.77959999185987,0.0,0,0,0,0,0,1,0
rhythm_008:full_rewrite:r1,rhythm_008,rhythm_duration,full_rewrite,mock,benchmark-fixture-v2-roundtrip,1,mock_non_formal,1,1.0,2,2,0,1.0,,,0.0,success,0,23.818699992261827,1,1.0,1.0,1,0,,23.818699992261827,0.0,0,0,0,0,0,1,0
rhythm_008:patch_only:r1,rhythm_008,rhythm_duration,patch_only,mock,benchmark-fixture-v2-roundtrip,1,mock_non_formal,1,1.0,2,2,0,1.0,,,0.0,success,0,5.2183000079821795,1,1.0,1.0,1,0,1,5.2183000079821795,0.0,0,0,0,0,0,1,0
rhythm_008:sera_full:r1,rhythm_008,rhythm_duration,sera_full,mock,benchmark-fixture-v2-roundtrip,1,mock_non_formal,1,1.0,2,2,0,1.0,,,0.0,success,0,43.70920000656042,1,1.0,1.0,1,0,1,43.70920000656042,0.0,0,0,0,0,0,1,0
key_008:full_rewrite:r1,key_008,key_harmony,full_rewrite,mock,benchmark-fixture-v2-roundtrip,1,mock_non_formal,1,1.0,2,2,0,1.0,,,0.0,success,0,28.959600007510744,1,1.0,1.0,1,0,,28.959600007510744,0.0,0,0,0,0,0,1,0
key_008:patch_only:r1,key_008,key_harmony,patch_only,mock,benchmark-fixture-v2-roundtrip,1,mock_non_formal,1,1.0,2,2,0,1.0,,,0.0,success,0,5.25680001010187,1,1.0,1.0,1,0,1,5.25680001010187,0.0,0,0,0,0,0,1,0
key_008:sera_full:r1,key_008,key_harmony,sera_full,mock,benchmark-fixture-v2-roundtrip,1,mock_non_formal,1,1.0,2,2,0,1.0,,,0.0,success,0,69.70469999941997,1,1.0,1.0,1,0,1,69.70469999941997,0.0,0,0,0,0,0,1,0
voice_003:full_rewrite:r1,voice_003,voice_texture,full_rewrite,mock,benchmark-fixture-v2-roundtrip,1,mock_non_formal,1,1.0,8,8,0,1.0,,,0.0,success,0,13.44400001107715,1,1.0,1.0,1,0,,13.44400001107715,0.0,0,0,0,0,0,1,0
voice_003:patch_only:r1,voice_003,voice_texture,patch_only,mock,benchmark-fixture-v2-roundtrip,1,mock_non_formal,1,1.0,8,8,0,1.0,,,0.0,success,0,4.639199993107468,1,1.0,1.0,1,0,1,4.639199993107468,0.0,0,0,0,0,0,1,0
ties_003:full_rewrite:r1,ties_003,ties_slurs_ornaments,full_rewrite,mock,benchmark-fixture-v2-roundtrip,1,mock_non_formal,1,1.0,4,4,0,1.0,,,0.0,success,0,26.397900001029484,1,1.0,1.0,1,0,,26.397900001029484,0.0,0,0,0,0,0,1,0
voice_003:sera_full:r1,voice_003,voice_texture,sera_full,mock,benchmark-fixture-v2-roundtrip,1,mock_non_formal,1,1.0,8,8,0,1.0,,,0.0,success,0,77.2541999904206,1,1.0,1.0,1,0,1,77.2541999904206,0.0,0,0,0,0,0,1,0
ties_003:patch_only:r1,ties_003,ties_slurs_ornaments,patch_only,mock,benchmark-fixture-v2-roundtrip,1,mock_non_formal,1,1.0,4,4,0,1.0,,,0.0,success,0,3.797899989876896,1,1.0,1.0,1,0,1,3.797899989876896,0.0,0,0,0,0,0,1,0
meter_003:patch_only:r1,meter_003,meter_measure_structure,patch_only,mock,benchmark-fixture-v2-roundtrip,1,mock_non_formal,1,1.0,3,3,0,1.0,,,0.0,success,0,3.2781000045360997,1,1.0,1.0,1,0,1,3.2781000045360997,0.0,0,0,0,0,0,1,0
ties_003:sera_full:r1,ties_003,ties_slurs_ornaments,sera_full,mock,benchmark-fixture-v2-roundtrip,1,mock_non_formal,1,1.0,4,4,0,1.0,,,0.0,success,0,69.76670000585727,1,1.0,1.0,1,0,1,69.76670000585727,0.0,0,0,0,0,0,1,0
meter_003:full_rewrite:r1,meter_003,meter_measure_structure,full_rewrite,mock,benchmark-fixture-v2-roundtrip,1,mock_non_formal,1,1.0,3,3,0,1.0,,,0.0,success,0,67.41030000557657,1,1.0,1.0,1,0,,67.41030000557657,0.0,0,0,0,0,0,1,0
meter_003:sera_full:r1,meter_003,meter_measure_structure,sera_full,mock,benchmark-fixture-v2-roundtrip,1,mock_non_formal,1,1.0,3,3,0,1.0,,,0.0,success,0,73.86509999923874,1,1.0,1.0,1,0,1,73.86509999923874,0.0,0,0,0,0,0,1,0
compound_003:patch_only:r1,compound_003,compound_multi_step,patch_only,mock,benchmark-fixture-v2-roundtrip,1,mock_non_formal,1,1.0,3,3,0,1.0,,,0.0,success,0,10.790100001031533,1,1.0,1.0,1,0,1,10.790100001031533,0.0,0,0,0,0,0,1,0
compound_003:full_rewrite:r1,compound_003,compound_multi_step,full_rewrite,mock,benchmark-fixture-v2-roundtrip,1,mock_non_formal,1,1.0,3,3,0,1.0,,,0.0,success,0,29.31509999325499,1,1.0,1.0,1,0,,29.31509999325499,0.0,0,0,0,0,0,1,0
compound_003:sera_full:r1,compound_003,compound_multi_step,sera_full,mock,benchmark-fixture-v2-roundtrip,1,mock_non_formal,1,1.0,3,3,0,1.0,,,0.0,success,0,92.78190000622999,1,1.0,1.0,1,0,1,92.78190000622999,0.0,0,0,0,0,0,1,0
voice_004:full_rewrite:r1,voice_004,voice_texture,full_rewrite,mock,benchmark-fixture-v2-roundtrip,1,mock_non_formal,1,1.0,6,6,0,1.0,,,0.0,success,0,22.111800004495308,1,1.0,1.0,1,0,,22.111800004495308,0.0,0,0,0,0,0,1,0
voice_004:patch_only:r1,voice_004,voice_texture,patch_only,mock,benchmark-fixture-v2-roundtrip,1,mock_non_formal,1,1.0,6,6,0,1.0,,,0.0,success,0,2.950900001451373,1,1.0,1.0,1,0,1,2.950900001451373,0.0,0,0,0,0,0,1,0
ties_004:full_rewrite:r1,ties_004,ties_slurs_ornaments,full_rewrite,mock,benchmark-fixture-v2-roundtrip,1,mock_non_formal,1,1.0,4,4,0,1.0,,,0.0,success,0,12.988100002985448,1,1.0,1.0,1,0,,12.988100002985448,0.0,0,0,0,0,0,1,0
voice_004:sera_full:r1,voice_004,voice_texture,sera_full,mock,benchmark-fixture-v2-roundtrip,1,mock_non_formal,1,1.0,6,6,0,1.0,,,0.0,success,0,61.054699996020645,1,1.0,1.0,1,0,1,61.054699996020645,0.0,0,0,0,0,0,1,0
ties_004:patch_only:r1,ties_004,ties_slurs_ornaments,patch_only,mock,benchmark-fixture-v2-roundtrip,1,mock_non_formal,1,1.0,4,4,0,1.0,,,0.0,success,0,3.766699999687262,1,1.0,1.0,1,0,1,3.766699999687262,0.0,0,0,0,0,0,1,0
voice_005:full_rewrite:r1,voice_005,voice_texture,full_rewrite,mock,benchmark-fixture-v2-roundtrip,1,mock_non_formal,1,1.0,6,6,0,1.0,,,0.0,success,0,29.542200005380437,1,1.0,1.0,1,0,,29.542200005380437,0.0,0,0,0,0,0,1,0
ties_004:sera_full:r1,ties_004,ties_slurs_ornaments,sera_full,mock,benchmark-fixture-v2-roundtrip,1,mock_non_formal,1,1.0,4,4,0,1.0,,,0.0,success,0,45.097599999280646,1,1.0,1.0,1,0,1,45.097599999280646,0.0,0,0,0,0,0,1,0
voice_005:patch_only:r1,voice_005,voice_texture,patch_only,mock,benchmark-fixture-v2-roundtrip,1,mock_non_formal,1,1.0,6,6,0,1.0,,,0.0,success,0,3.341600007843226,1,1.0,1.0,1,0,1,3.341600007843226,0.0,0,0,0,0,0,1,0
voice_005:sera_full:r1,voice_005,voice_texture,sera_full,mock,benchmark-fixture-v2-roundtrip,1,mock_non_formal,1,1.0,6,6,0,1.0,,,0.0,success,0,34.09240000473801,1,1.0,1.0,1,0,1,34.09240000473801,0.0,0,0,0,0,0,1,0
pitch_009:patch_only:r1,pitch_009,pitch_transposition,patch_only,mock,benchmark-fixture-v2-roundtrip,1,mock_non_formal,1,1.0,2,2,0,1.0,,,0.0,success,0,2.5170000008074567,1,1.0,1.0,1,0,1,2.5170000008074567,0.0,0,0,0,0,0,1,0
pitch_009:sera_full:r1,pitch_009,pitch_transposition,sera_full,mock,benchmark-fixture-v2-roundtrip,1,mock_non_formal,1,1.0,2,2,0,1.0,,,0.0,success,0,21.979700002702884,1,1.0,1.0,1,0,1,21.979700002702884,0.0,0,0,0,0,0,1,0
pitch_009:full_rewrite:r1,pitch_009,pitch_transposition,full_rewrite,mock,benchmark-fixture-v2-roundtrip,1,mock_non_formal,1,1.0,2,2,0,1.0,,,0.0,success,0,9.664099998190068,1,1.0,1.0,1,0,,9.664099998190068,0.0,0,0,0,0,0,1,0
rhythm_009:full_rewrite:r1,rhythm_009,rhythm_duration,full_rewrite,mock,benchmark-fixture-v2-roundtrip,1,mock_non_formal,1,1.0,2,2,0,1.0,,,0.0,success,0,12.740699996356852,1,1.0,1.0,1,0,,12.740699996356852,0.0,0,0,0,0,0,1,0
rhythm_009:patch_only:r1,rhythm_009,rhythm_duration,patch_only,mock,benchmark-fixture-v2-roundtrip,1,mock_non_formal,1,1.0,2,2,0,1.0,,,0.0,success,0,3.492899995762855,1,1.0,1.0,1,0,1,3.492899995762855,0.0,0,0,0,0,0,1,0
rhythm_009:sera_full:r1,rhythm_009,rhythm_duration,sera_full,mock,benchmark-fixture-v2-roundtrip,1,mock_non_formal,1,1.0,2,2,0,1.0,,,0.0,success,0,36.38920000230428,1,1.0,1.0,1,0,1,36.38920000230428,0.0,0,0,0,0,0,1,0
key_009:full_rewrite:r1,key_009,key_harmony,full_rewrite,mock,benchmark-fixture-v2-roundtrip,1,mock_non_formal,1,1.0,2,2,0,1.0,,,0.0,success,0,11.114399996586144,1,1.0,1.0,1,0,,11.114399996586144,0.0,0,0,0,0,0,1,0
key_009:patch_only:r1,key_009,key_harmony,patch_only,mock,benchmark-fixture-v2-roundtrip,1,mock_non_formal,1,1.0,2,2,0,1.0,,,0.0,success,0,2.711900000576861,1,1.0,1.0,1,0,1,2.711900000576861,0.0,0,0,0,0,0,1,0
voice_006:full_rewrite:r1,voice_006,voice_texture,full_rewrite,mock,benchmark-fixture-v2-roundtrip,1,mock_non_formal,1,1.0,6,6,0,1.0,,,0.0,success,0,10.90680000197608,1,1.0,1.0,1,0,,10.90680000197608,0.0,0,0,0,0,0,1,0
voice_006:patch_only:r1,voice_006,voice_texture,patch_only,mock,benchmark-fixture-v2-roundtrip,1,mock_non_formal,1,1.0,6,6,0,1.0,,,0.0,success,0,2.7083000022685155,1,1.0,1.0,1,0,1,2.7083000022685155,0.0,0,0,0,0,0,1,0
key_009:sera_full:r1,key_009,key_harmony,sera_full,mock,benchmark-fixture-v2-roundtrip,1,mock_non_formal,1,1.0,2,2,0,1.0,,,0.0,success,0,63.036399995326065,1,1.0,1.0,1,0,1,63.036399995326065,0.0,0,0,0,0,0,1,0
dynamics_008:full_rewrite:r1,dynamics_008,dynamics_articulation,full_rewrite,mock,benchmark-fixture-v2-roundtrip,1,mock_non_formal,1,1.0,3,3,0,1.0,,,0.0,success,0,28.57640000001993,1,1.0,1.0,1,0,,28.57640000001993,0.0,0,0,0,0,0,1,0
voice_006:sera_full:r1,voice_006,voice_texture,sera_full,mock,benchmark-fixture-v2-roundtrip,1,mock_non_formal,1,1.0,6,6,0,1.0,,,0.0,success,0,40.71030000341125,1,1.0,1.0,1,0,1,40.71030000341125,0.0,0,0,0,0,0,1,0
dynamics_008:patch_only:r1,dynamics_008,dynamics_articulation,patch_only,mock,benchmark-fixture-v2-roundtrip,1,mock_non_formal,1,1.0,3,3,0,1.0,,,0.0,success,0,2.9866999975638464,1,1.0,1.0,1,0,1,2.9866999975638464,0.0,0,0,0,0,0,1,0
dynamics_008:sera_full:r1,dynamics_008,dynamics_articulation,sera_full,mock,benchmark-fixture-v2-roundtrip,1,mock_non_formal,1,1.0,3,3,0,1.0,,,0.0,success,0,36.31429999950342,1,1.0,1.0,1,0,1,36.31429999950342,0.0,0,0,0,0,0,1,0
insertion_008:full_rewrite:r1,insertion_008,insertion_deletion,full_rewrite,mock,benchmark-fixture-v2-roundtrip,1,mock_non_formal,1,1.0,2,2,0,1.0,,,0.0,success,0,11.567299996386282,1,1.0,1.0,1,0,,11.567299996386282,0.0,0,0,0,0,0,1,0
insertion_008:patch_only:r1,insertion_008,insertion_deletion,patch_only,mock,benchmark-fixture-v2-roundtrip,1,mock_non_formal,1,1.0,2,2,0,1.0,,,0.0,success,0,3.116700012469664,1,1.0,1.0,1,0,1,3.116700012469664,0.0,0,0,0,0,0,1,0
insertion_008:sera_full:r1,insertion_008,insertion_deletion,sera_full,mock,benchmark-fixture-v2-roundtrip,1,mock_non_formal,1,1.0,2,2,0,1.0,,,0.0,success,0,29.93229999265168,1,1.0,1.0,1,0,1,29.93229999265168,0.0,0,0,0,0,0,1,0
ties_005:full_rewrite:r1,ties_005,ties_slurs_ornaments,full_rewrite,mock,benchmark-fixture-v2-roundtrip,1,mock_non_formal,1,1.0,4,4,0,1.0,,,0.0,success,0,17.835699996794574,1,1.0,1.0,1,0,,17.835699996794574,0.0,0,0,0,0,0,1,0
ties_005:patch_only:r1,ties_005,ties_slurs_ornaments,patch_only,mock,benchmark-fixture-v2-roundtrip,1,mock_non_formal,1,1.0,4,4,0,1.0,,,0.0,success,0,7.040700002107769,1,1.0,1.0,1,0,1,7.040700002107769,0.0,0,0,0,0,0,1,0
meter_004:full_rewrite:r1,meter_004,meter_measure_structure,full_rewrite,mock,benchmark-fixture-v2-roundtrip,1,mock_non_formal,1,1.0,3,3,0,1.0,,,0.0,success,0,20.82679999875836,1,1.0,1.0,1,0,,20.82679999875836,0.0,0,0,0,0,0,1,0
ties_005:sera_full:r1,ties_005,ties_slurs_ornaments,sera_full,mock,benchmark-fixture-v2-roundtrip,1,mock_non_formal,1,1.0,4,4,0,1.0,,,0.0,success,0,57.944199987105094,1,1.0,1.0,1,0,1,57.944199987105094,0.0,0,0,0,0,0,1,0
meter_004:patch_only:r1,meter_004,meter_measure_structure,patch_only,mock,benchmark-fixture-v2-roundtrip,1,mock_non_formal,1,1.0,3,3,0,1.0,,,0.0,success,0,6.996799987973645,1,1.0,1.0,1,0,1,6.996799987973645,0.0,0,0,0,0,0,1,0
meter_004:sera_full:r1,meter_004,meter_measure_structure,sera_full,mock,benchmark-fixture-v2-roundtrip,1,mock_non_formal,1,1.0,3,3,0,1.0,,,0.0,success,0,64.10230000619777,1,1.0,1.0,1,0,1,64.10230000619777,0.0,0,0,0,0,0,1,0
compound_004:patch_only:r1,compound_004,compound_multi_step,patch_only,mock,benchmark-fixture-v2-roundtrip,1,mock_non_formal,1,1.0,3,3,0,1.0,,,0.0,success,0,17.64079999702517,1,1.0,1.0,1,0,1,17.64079999702517,0.0,0,0,0,0,0,1,0
compound_004:full_rewrite:r1,compound_004,compound_multi_step,full_rewrite,mock,benchmark-fixture-v2-roundtrip,1,mock_non_formal,1,1.0,3,3,0,1.0,,,0.0,success,0,49.61790000379551,1,1.0,1.0,1,0,,49.61790000379551,0.0,0,0,0,0,0,1,0
conflict_008:full_rewrite:r1,conflict_008,conflicting_or_unsupported,full_rewrite,mock,benchmark-fixture-v2-roundtrip,1,mock_non_formal,1,1.0,1,1,1,1.0,,,0.0,refuse,0,0.0018999999156221747,,1.0,1.0,0,0,,0.0018999999156221747,0.0,1,0,0,0,0,1,0
compound_004:sera_full:r1,compound_004,compound_multi_step,sera_full,mock,benchmark-fixture-v2-roundtrip,1,mock_non_formal,1,1.0,3,3,0,1.0,,,0.0,success,0,75.50110000011045,1,1.0,1.0,1,0,1,75.50110000011045,0.0,0,0,0,0,0,1,0
conflict_008:patch_only:r1,conflict_008,conflicting_or_unsupported,patch_only,mock,benchmark-fixture-v2-roundtrip,1,mock_non_formal,1,1.0,1,1,1,1.0,,,0.0,refuse,0,0.0025000044843181968,,1.0,1.0,0,0,,0.0025000044843181968,0.0,1,0,0,0,0,1,0
conflict_008:sera_full:r1,conflict_008,conflicting_or_unsupported,sera_full,mock,benchmark-fixture-v2-roundtrip,1,mock_non_formal,1,1.0,1,1,1,1.0,,,0.0,refuse,0,0.0029999937396496534,,1.0,1.0,0,0,,0.0029999937396496534,0.0,1,0,0,0,0,1,0
pitch_010:patch_only:r1,pitch_010,pitch_transposition,patch_only,mock,benchmark-fixture-v2-roundtrip,1,mock_non_formal,1,1.0,2,2,0,1.0,,,0.0,success,0,11.138200003188103,1,1.0,1.0,1,0,1,11.138200003188103,0.0,0,0,0,0,0,1,0
pitch_010:full_rewrite:r1,pitch_010,pitch_transposition,full_rewrite,mock,benchmark-fixture-v2-roundtrip,1,mock_non_formal,1,1.0,2,2,0,1.0,,,0.0,success,0,25.482600001851097,1,1.0,1.0,1,0,,25.482600001851097,0.0,0,0,0,0,0,1,0
rhythm_010:full_rewrite:r1,rhythm_010,rhythm_duration,full_rewrite,mock,benchmark-fixture-v2-roundtrip,1,mock_non_formal,1,1.0,2,2,0,1.0,,,0.0,success,0,19.439600000623614,1,1.0,1.0,1,0,,19.439600000623614,0.0,0,0,0,0,0,1,0
pitch_010:sera_full:r1,pitch_010,pitch_transposition,sera_full,mock,benchmark-fixture-v2-roundtrip,1,mock_non_formal,1,1.0,2,2,0,1.0,,,0.0,success,0,78.18470000347588,1,1.0,1.0,1,0,1,78.18470000347588,0.0,0,0,0,0,0,1,0
rhythm_010:patch_only:r1,rhythm_010,rhythm_duration,patch_only,mock,benchmark-fixture-v2-roundtrip,1,mock_non_formal,1,1.0,2,2,0,1.0,,,0.0,success,0,6.2141999951563776,1,1.0,1.0,1,0,1,6.2141999951563776,0.0,0,0,0,0,0,1,0
key_010:full_rewrite:r1,key_010,key_harmony,full_rewrite,mock,benchmark-fixture-v2-roundtrip,1,mock_non_formal,1,1.0,2,2,0,1.0,,,0.0,success,0,25.71420000458602,1,1.0,1.0,1,0,,25.71420000458602,0.0,0,0,0,0,0,1,0
rhythm_010:sera_full:r1,rhythm_010,rhythm_duration,sera_full,mock,benchmark-fixture-v2-roundtrip,1,mock_non_formal,1,1.0,2,2,0,1.0,,,0.0,success,0,69.79090000095312,1,1.0,1.0,1,0,1,69.79090000095312,0.0,0,0,0,0,0,1,0
key_010:patch_only:r1,key_010,key_harmony,patch_only,mock,benchmark-fixture-v2-roundtrip,1,mock_non_formal,1,1.0,2,2,0,1.0,,,0.0,success,0,3.1292000057874247,1,1.0,1.0,1,0,1,3.1292000057874247,0.0,0,0,0,0,0,1,0
key_010:sera_full:r1,key_010,key_harmony,sera_full,mock,benchmark-fixture-v2-roundtrip,1,mock_non_formal,1,1.0,2,2,0,1.0,,,0.0,success,0,28.747999996994622,1,1.0,1.0,1,0,1,28.747999996994622,0.0,0,0,0,0,0,1,0
voice_007:full_rewrite:r1,voice_007,voice_texture,full_rewrite,mock,benchmark-fixture-v2-roundtrip,1,mock_non_formal,1,1.0,6,6,0,1.0,,,0.0,success,0,29.273600011947565,1,1.0,1.0,1,0,,29.273600011947565,0.0,0,0,0,0,0,1,0
voice_007:patch_only:r1,voice_007,voice_texture,patch_only,mock,benchmark-fixture-v2-roundtrip,1,mock_non_formal,1,1.0,6,6,0,1.0,,,0.0,success,0,4.513799998676404,1,1.0,1.0,1,0,1,4.513799998676404,0.0,0,0,0,0,0,1,0
voice_007:sera_full:r1,voice_007,voice_texture,sera_full,mock,benchmark-fixture-v2-roundtrip,1,mock_non_formal,1,1.0,6,6,0,1.0,,,0.0,success,0,46.32090000086464,1,1.0,1.0,1,0,1,46.32090000086464,0.0,0,0,0,0,0,1,0
dynamics_009:full_rewrite:r1,dynamics_009,dynamics_articulation,full_rewrite,mock,benchmark-fixture-v2-roundtrip,1,mock_non_formal,1,1.0,3,3,0,1.0,,,0.0,success,0,10.338399995816872,1,1.0,1.0,1,0,,10.338399995816872,0.0,0,0,0,0,0,1,0
dynamics_009:patch_only:r1,dynamics_009,dynamics_articulation,patch_only,mock,benchmark-fixture-v2-roundtrip,1,mock_non_formal,1,1.0,3,3,0,1.0,,,0.0,success,0,3.0338000069605187,1,1.0,1.0,1,0,1,3.0338000069605187,0.0,0,0,0,0,0,1,0
dynamics_009:sera_full:r1,dynamics_009,dynamics_articulation,sera_full,mock,benchmark-fixture-v2-roundtrip,1,mock_non_formal,1,1.0,3,3,0,1.0,,,0.0,success,0,32.19549999630544,1,1.0,1.0,1,0,1,32.19549999630544,0.0,0,0,0,0,0,1,0
insertion_009:full_rewrite:r1,insertion_009,insertion_deletion,full_rewrite,mock,benchmark-fixture-v2-roundtrip,1,mock_non_formal,1,1.0,2,2,0,1.0,,,0.0,success,0,9.171099998638965,1,1.0,1.0,1,0,,9.171099998638965,0.0,0,0,0,0,0,1,0
insertion_009:patch_only:r1,insertion_009,insertion_deletion,patch_only,mock,benchmark-fixture-v2-roundtrip,1,mock_non_formal,1,1.0,2,2,0,1.0,,,0.0,success,0,4.316499995184131,1,1.0,1.0,1,0,1,4.316499995184131,0.0,0,0,0,0,0,1,0
insertion_009:sera_full:r1,insertion_009,insertion_deletion,sera_full,mock,benchmark-fixture-v2-roundtrip,1,mock_non_formal,1,1.0,2,2,0,1.0,,,0.0,success,0,51.513800004613586,1,1.0,1.0,1,0,1,51.513800004613586,0.0,0,0,0,0,0,1,0
ties_006:full_rewrite:r1,ties_006,ties_slurs_ornaments,full_rewrite,mock,benchmark-fixture-v2-roundtrip,1,mock_non_formal,1,1.0,4,4,0,1.0,,,0.0,success,0,24.197400009143166,1,1.0,1.0,1,0,,24.197400009143166,0.0,0,0,0,0,0,1,0
ties_006:patch_only:r1,ties_006,ties_slurs_ornaments,patch_only,mock,benchmark-fixture-v2-roundtrip,1,mock_non_formal,1,1.0,4,4,0,1.0,,,0.0,success,0,3.297299990663305,1,1.0,1.0,1,0,1,3.297299990663305,0.0,0,0,0,0,0,1,0
ties_006:sera_full:r1,ties_006,ties_slurs_ornaments,sera_full,mock,benchmark-fixture-v2-roundtrip,1,mock_non_formal,1,1.0,4,4,0,1.0,,,0.0,success,0,27.483400001074187,1,1.0,1.0,1,0,1,27.483400001074187,0.0,0,0,0,0,0,1,0
meter_005:full_rewrite:r1,meter_005,meter_measure_structure,full_rewrite,mock,benchmark-fixture-v2-roundtrip,1,mock_non_formal,1,1.0,3,3,0,1.0,,,0.0,success,0,10.12389999232255,1,1.0,1.0,1,0,,10.12389999232255,0.0,0,0,0,0,0,1,0
meter_005:patch_only:r1,meter_005,meter_measure_structure,patch_only,mock,benchmark-fixture-v2-roundtrip,1,mock_non_formal,1,1.0,3,3,0,1.0,,,0.0,success,0,2.8790999931516126,1,1.0,1.0,1,0,1,2.8790999931516126,0.0,0,0,0,0,0,1,0
meter_005:sera_full:r1,meter_005,meter_measure_structure,sera_full,mock,benchmark-fixture-v2-roundtrip,1,mock_non_formal,1,1.0,3,3,0,1.0,,,0.0,success,0,25.60269999958109,1,1.0,1.0,1,0,1,25.60269999958109,0.0,0,0,0,0,0,1,0
compound_005:full_rewrite:r1,compound_005,compound_multi_step,full_rewrite,mock,benchmark-fixture-v2-roundtrip,1,mock_non_formal,1,1.0,3,3,0,1.0,,,0.0,success,0,13.369700012844987,1,1.0,1.0,1,0,,13.369700012844987,0.0,0,0,0,0,0,1,0
compound_005:patch_only:r1,compound_005,compound_multi_step,patch_only,mock,benchmark-fixture-v2-roundtrip,1,mock_non_formal,1,1.0,3,3,0,1.0,,,0.0,success,0,4.117100004805252,1,1.0,1.0,1,0,1,4.117100004805252,0.0,0,0,0,0,0,1,0
conflict_009:patch_only:r1,conflict_009,conflicting_or_unsupported,patch_only,mock,benchmark-fixture-v2-roundtrip,1,mock_non_formal,1,1.0,1,1,1,1.0,,,0.0,refuse,0,0.0022000021999701858,,1.0,1.0,0,0,,0.0022000021999701858,0.0,1,0,0,0,0,1,0
compound_005:sera_full:r1,compound_005,compound_multi_step,sera_full,mock,benchmark-fixture-v2-roundtrip,1,mock_non_formal,1,1.0,3,3,0,1.0,,,0.0,success,0,31.14089999871794,1,1.0,1.0,1,0,1,31.14089999871794,0.0,0,0,0,0,0,1,0
conflict_009:full_rewrite:r1,conflict_009,conflicting_or_unsupported,full_rewrite,mock,benchmark-fixture-v2-roundtrip,1,mock_non_formal,1,1.0,1,1,1,1.0,,,0.0,refuse,0,0.0016999983927235007,,1.0,1.0,0,0,,0.0016999983927235007,0.0,1,0,0,0,0,1,0
conflict_009:sera_full:r1,conflict_009,conflicting_or_unsupported,sera_full,mock,benchmark-fixture-v2-roundtrip,1,mock_non_formal,1,1.0,1,1,1,1.0,,,0.0,refuse,0,0.0024000037228688598,,1.0,1.0,0,0,,0.0024000037228688598,0.0,1,0,0,0,0,1,0
pitch_011:patch_only:r1,pitch_011,pitch_transposition,patch_only,mock,benchmark-fixture-v2-roundtrip,1,mock_non_formal,1,1.0,2,2,0,1.0,,,0.0,success,0,3.441599998041056,1,1.0,1.0,1,0,1,3.441599998041056,0.0,0,0,0,0,0,1,0
pitch_011:full_rewrite:r1,pitch_011,pitch_transposition,full_rewrite,mock,benchmark-fixture-v2-roundtrip,1,mock_non_formal,1,1.0,2,2,0,1.0,,,0.0,success,0,10.555799992289394,1,1.0,1.0,1,0,,10.555799992289394,0.0,0,0,0,0,0,1,0
pitch_011:sera_full:r1,pitch_011,pitch_transposition,sera_full,mock,benchmark-fixture-v2-roundtrip,1,mock_non_formal,1,1.0,2,2,0,1.0,,,0.0,success,0,38.42129999247845,1,1.0,1.0,1,0,1,38.42129999247845,0.0,0,0,0,0,0,1,0
rhythm_011:full_rewrite:r1,rhythm_011,rhythm_duration,full_rewrite,mock,benchmark-fixture-v2-roundtrip,1,mock_non_formal,1,1.0,2,2,0,1.0,,,0.0,success,0,12.537199989310466,1,1.0,1.0,1,0,,12.537199989310466,0.0,0,0,0,0,0,1,0
rhythm_011:patch_only:r1,rhythm_011,rhythm_duration,patch_only,mock,benchmark-fixture-v2-roundtrip,1,mock_non_formal,1,1.0,2,2,0,1.0,,,0.0,success,0,3.4755999949993566,1,1.0,1.0,1,0,1,3.4755999949993566,0.0,0,0,0,0,0,1,0
key_011:full_rewrite:r1,key_011,key_harmony,full_rewrite,mock,benchmark-fixture-v2-roundtrip,1,mock_non_formal,1,1.0,2,2,0,1.0,,,0.0,success,0,19.265599999926053,1,1.0,1.0,1,0,,19.265599999926053,0.0,0,0,0,0,0,1,0
rhythm_011:sera_full:r1,rhythm_011,rhythm_duration,sera_full,mock,benchmark-fixture-v2-roundtrip,1,mock_non_formal,1,1.0,2,2,0,1.0,,,0.0,success,0,62.29449999227654,1,1.0,1.0,1,0,1,62.29449999227654,0.0,0,0,0,0,0,1,0
key_011:patch_only:r1,key_011,key_harmony,patch_only,mock,benchmark-fixture-v2-roundtrip,1,mock_non_formal,1,1.0,2,2,0,1.0,,,0.0,success,0,3.3792000031098723,1,1.0,1.0,1,0,1,3.3792000031098723,0.0,0,0,0,0,0,1,0
key_011:sera_full:r1,key_011,key_harmony,sera_full,mock,benchmark-fixture-v2-roundtrip,1,mock_non_formal,1,1.0,2,2,0,1.0,,,0.0,success,0,48.34299998765346,1,1.0,1.0,1,0,1,48.34299998765346,0.0,0,0,0,0,0,1,0
voice_008:patch_only:r1,voice_008,voice_texture,patch_only,mock,benchmark-fixture-v2-roundtrip,1,mock_non_formal,1,1.0,6,6,0,1.0,,,0.0,success,0,3.215700009604916,1,1.0,1.0,1,0,1,3.215700009604916,0.0,0,0,0,0,0,1,0
voice_008:full_rewrite:r1,voice_008,voice_texture,full_rewrite,mock,benchmark-fixture-v2-roundtrip,1,mock_non_formal,1,1.0,6,6,0,1.0,,,0.0,success,0,24.21840000897646,1,1.0,1.0,1,0,,24.21840000897646,0.0,0,0,0,0,0,1,0
voice_008:sera_full:r1,voice_008,voice_texture,sera_full,mock,benchmark-fixture-v2-roundtrip,1,mock_non_formal,1,1.0,6,6,0,1.0,,,0.0,success,0,31.561399999191053,1,1.0,1.0,1,0,1,31.561399999191053,0.0,0,0,0,0,0,1,0
dynamics_010:full_rewrite:r1,dynamics_010,dynamics_articulation,full_rewrite,mock,benchmark-fixture-v2-roundtrip,1,mock_non_formal,1,1.0,3,3,0,1.0,,,0.0,success,0,33.58239999215584,1,1.0,1.0,1,0,,33.58239999215584,0.0,0,0,0,0,0,1,0
dynamics_010:patch_only:r1,dynamics_010,dynamics_articulation,patch_only,mock,benchmark-fixture-v2-roundtrip,1,mock_non_formal,1,1.0,3,3,0,1.0,,,0.0,success,0,5.122500006109476,1,1.0,1.0,1,0,1,5.122500006109476,0.0,0,0,0,0,0,1,0
dynamics_010:sera_full:r1,dynamics_010,dynamics_articulation,sera_full,mock,benchmark-fixture-v2-roundtrip,1,mock_non_formal,1,1.0,3,3,0,1.0,,,0.0,success,0,39.729099997202866,1,1.0,1.0,1,0,1,39.729099997202866,0.0,0,0,0,0,0,1,0
insertion_010:full_rewrite:r1,insertion_010,insertion_deletion,full_rewrite,mock,benchmark-fixture-v2-roundtrip,1,mock_non_formal,1,1.0,2,2,0,1.0,,,0.0,success,0,12.768000000505708,1,1.0,1.0,1,0,,12.768000000505708,0.0,0,0,0,0,0,1,0
insertion_010:patch_only:r1,insertion_010,insertion_deletion,patch_only,mock,benchmark-fixture-v2-roundtrip,1,mock_non_formal,1,1.0,2,2,0,1.0,,,0.0,success,0,5.04190000356175,1,1.0,1.0,1,0,1,5.04190000356175,0.0,0,0,0,0,0,1,0
insertion_010:sera_full:r1,insertion_010,insertion_deletion,sera_full,mock,benchmark-fixture-v2-roundtrip,1,mock_non_formal,1,1.0,2,2,0,1.0,,,0.0,success,0,47.80630000459496,1,1.0,1.0,1,0,1,47.80630000459496,0.0,0,0,0,0,0,1,0
ties_007:full_rewrite:r1,ties_007,ties_slurs_ornaments,full_rewrite,mock,benchmark-fixture-v2-roundtrip,1,mock_non_formal,1,1.0,4,4,0,1.0,,,0.0,success,0,12.226300008478574,1,1.0,1.0,1,0,,12.226300008478574,0.0,0,0,0,0,0,1,0
ties_007:patch_only:r1,ties_007,ties_slurs_ornaments,patch_only,mock,benchmark-fixture-v2-roundtrip,1,mock_non_formal,1,1.0,4,4,0,1.0,,,0.0,success,0,7.136100000934675,1,1.0,1.0,1,0,1,7.136100000934675,0.0,0,0,0,0,0,1,0
ties_007:sera_full:r1,ties_007,ties_slurs_ornaments,sera_full,mock,benchmark-fixture-v2-roundtrip,1,mock_non_formal,1,1.0,4,4,0,1.0,,,0.0,success,0,44.99090000172146,1,1.0,1.0,1,0,1,44.99090000172146,0.0,0,0,0,0,0,1,0
meter_006:full_rewrite:r1,meter_006,meter_measure_structure,full_rewrite,mock,benchmark-fixture-v2-roundtrip,1,mock_non_formal,1,1.0,3,3,0,1.0,,,0.0,success,0,12.410700001055375,1,1.0,1.0,1,0,,12.410700001055375,0.0,0,0,0,0,0,1,0
meter_006:patch_only:r1,meter_006,meter_measure_structure,patch_only,mock,benchmark-fixture-v2-roundtrip,1,mock_non_formal,1,1.0,3,3,0,1.0,,,0.0,success,0,4.6273999905679375,1,1.0,1.0,1,0,1,4.6273999905679375,0.0,0,0,0,0,0,1,0
meter_006:sera_full:r1,meter_006,meter_measure_structure,sera_full,mock,benchmark-fixture-v2-roundtrip,1,mock_non_formal,1,1.0,3,3,0,1.0,,,0.0,success,0,43.13289999845438,1,1.0,1.0,1,0,1,43.13289999845438,0.0,0,0,0,0,0,1,0
compound_006:full_rewrite:r1,compound_006,compound_multi_step,full_rewrite,mock,benchmark-fixture-v2-roundtrip,1,mock_non_formal,1,1.0,3,3,0,1.0,,,0.0,success,0,78.20779999019578,1,1.0,1.0,1,0,,78.20779999019578,0.0,0,0,0,0,0,1,0
compound_006:patch_only:r1,compound_006,compound_multi_step,patch_only,mock,benchmark-fixture-v2-roundtrip,1,mock_non_formal,1,1.0,3,3,0,1.0,,,0.0,success,0,13.64330000069458,1,1.0,1.0,1,0,1,13.64330000069458,0.0,0,0,0,0,0,1,0
compound_006:sera_full:r1,compound_006,compound_multi_step,sera_full,mock,benchmark-fixture-v2-roundtrip,1,mock_non_formal,1,1.0,3,3,0,1.0,,,0.0,success,0,50.57180000585504,1,1.0,1.0,1,0,1,50.57180000585504,0.0,0,0,0,0,0,1,0
conflict_010:patch_only:r1,conflict_010,conflicting_or_unsupported,patch_only,mock,benchmark-fixture-v2-roundtrip,1,mock_non_formal,1,1.0,1,1,1,1.0,,,0.0,refuse,0,0.0016999983927235007,,1.0,1.0,0,0,,0.0016999983927235007,0.0,1,0,0,0,0,1,0
conflict_010:full_rewrite:r1,conflict_010,conflicting_or_unsupported,full_rewrite,mock,benchmark-fixture-v2-roundtrip,1,mock_non_formal,1,1.0,1,1,1,1.0,,,0.0,refuse,0,0.0016999983927235007,,1.0,1.0,0,0,,0.0016999983927235007,0.0,1,0,0,0,0,1,0
conflict_010:sera_full:r1,conflict_010,conflicting_or_unsupported,sera_full,mock,benchmark-fixture-v2-roundtrip,1,mock_non_formal,1,1.0,1,1,1,1.0,,,0.0,refuse,0,0.0016999983927235007,,1.0,1.0,0,0,,0.0016999983927235007,0.0,1,0,0,0,0,1,0
pitch_012:patch_only:r1,pitch_012,pitch_transposition,patch_only,mock,benchmark-fixture-v2-roundtrip,1,mock_non_formal,1,1.0,2,2,0,1.0,,,0.0,success,0,3.2789999968372285,1,1.0,1.0,1,0,1,3.2789999968372285,0.0,0,0,0,0,0,1,0
pitch_012:full_rewrite:r1,pitch_012,pitch_transposition,full_rewrite,mock,benchmark-fixture-v2-roundtrip,1,mock_non_formal,1,1.0,2,2,0,1.0,,,0.0,success,0,11.408799997298047,1,1.0,1.0,1,0,,11.408799997298047,0.0,0,0,0,0,0,1,0
pitch_012:sera_full:r1,pitch_012,pitch_transposition,sera_full,mock,benchmark-fixture-v2-roundtrip,1,mock_non_formal,1,1.0,2,2,0,1.0,,,0.0,success,0,49.87020000407938,1,1.0,1.0,1,0,1,49.87020000407938,0.0,0,0,0,0,0,1,0
rhythm_012:full_rewrite:r1,rhythm_012,rhythm_duration,full_rewrite,mock,benchmark-fixture-v2-roundtrip,1,mock_non_formal,1,1.0,2,2,0,1.0,,,0.0,success,0,13.480599998729303,1,1.0,1.0,1,0,,13.480599998729303,0.0,0,0,0,0,0,1,0
rhythm_012:patch_only:r1,rhythm_012,rhythm_duration,patch_only,mock,benchmark-fixture-v2-roundtrip,1,mock_non_formal,1,1.0,2,2,0,1.0,,,0.0,success,0,4.111000002012588,1,1.0,1.0,1,0,1,4.111000002012588,0.0,0,0,0,0,0,1,0
rhythm_012:sera_full:r1,rhythm_012,rhythm_duration,sera_full,mock,benchmark-fixture-v2-roundtrip,1,mock_non_formal,1,1.0,2,2,0,1.0,,,0.0,success,0,25.71719999832567,1,1.0,1.0,1,0,1,25.71719999832567,0.0,0,0,0,0,0,1,0
key_012:full_rewrite:r1,key_012,key_harmony,full_rewrite,mock,benchmark-fixture-v2-roundtrip,1,mock_non_formal,1,1.0,2,2,0,1.0,,,0.0,success,0,9.735300001921132,1,1.0,1.0,1,0,,9.735300001921132,0.0,0,0,0,0,0,1,0
key_012:patch_only:r1,key_012,key_harmony,patch_only,mock,benchmark-fixture-v2-roundtrip,1,mock_non_formal,1,1.0,2,2,0,1.0,,,0.0,success,0,2.7719999925466254,1,1.0,1.0,1,0,1,2.7719999925466254,0.0,0,0,0,0,0,1,0
key_012:sera_full:r1,key_012,key_harmony,sera_full,mock,benchmark-fixture-v2-roundtrip,1,mock_non_formal,1,1.0,2,2,0,1.0,,,0.0,success,0,31.42899999511428,1,1.0,1.0,1,0,1,31.42899999511428,0.0,0,0,0,0,0,1,0
voice_009:full_rewrite:r1,voice_009,voice_texture,full_rewrite,mock,benchmark-fixture-v2-roundtrip,1,mock_non_formal,1,1.0,6,6,0,1.0,,,0.0,success,0,12.063299989677034,1,1.0,1.0,1,0,,12.063299989677034,0.0,0,0,0,0,0,1,0
voice_009:patch_only:r1,voice_009,voice_texture,patch_only,mock,benchmark-fixture-v2-roundtrip,1,mock_non_formal,1,1.0,6,6,0,1.0,,,0.0,success,0,3.5547000006772578,1,1.0,1.0,1,0,1,3.5547000006772578,0.0,0,0,0,0,0,1,0
voice_009:sera_full:r1,voice_009,voice_texture,sera_full,mock,benchmark-fixture-v2-roundtrip,1,mock_non_formal,1,1.0,6,6,0,1.0,,,0.0,success,0,30.579199999920093,1,1.0,1.0,1,0,1,30.579199999920093,0.0,0,0,0,0,0,1,0
ties_008:patch_only:r1,ties_008,ties_slurs_ornaments,patch_only,mock,benchmark-fixture-v2-roundtrip,1,mock_non_formal,1,1.0,4,4,0,1.0,,,0.0,success,0,3.701200010254979,1,1.0,1.0,1,0,1,3.701200010254979,0.0,0,0,0,0,0,1,0
ties_008:full_rewrite:r1,ties_008,ties_slurs_ornaments,full_rewrite,mock,benchmark-fixture-v2-roundtrip,1,mock_non_formal,1,1.0,4,4,0,1.0,,,0.0,success,0,12.339799999608658,1,1.0,1.0,1,0,,12.339799999608658,0.0,0,0,0,0,0,1,0
ties_008:sera_full:r1,ties_008,ties_slurs_ornaments,sera_full,mock,benchmark-fixture-v2-roundtrip,1,mock_non_formal,1,1.0,4,4,0,1.0,,,0.0,success,0,32.06260000297334,1,1.0,1.0,1,0,1,32.06260000297334,0.0,0,0,0,0,0,1,0
meter_007:full_rewrite:r1,meter_007,meter_measure_structure,full_rewrite,mock,benchmark-fixture-v2-roundtrip,1,mock_non_formal,1,1.0,3,3,0,1.0,,,0.0,success,0,11.169399993377738,1,1.0,1.0,1,0,,11.169399993377738,0.0,0,0,0,0,0,1,0
meter_007:patch_only:r1,meter_007,meter_measure_structure,patch_only,mock,benchmark-fixture-v2-roundtrip,1,mock_non_formal,1,1.0,3,3,0,1.0,,,0.0,success,0,3.054000000702217,1,1.0,1.0,1,0,1,3.054000000702217,0.0,0,0,0,0,0,1,0
meter_007:sera_full:r1,meter_007,meter_measure_structure,sera_full,mock,benchmark-fixture-v2-roundtrip,1,mock_non_formal,1,1.0,3,3,0,1.0,,,0.0,success,0,39.92890000517946,1,1.0,1.0,1,0,1,39.92890000517946,0.0,0,0,0,0,0,1,0
compound_007:full_rewrite:r1,compound_007,compound_multi_step,full_rewrite,mock,benchmark-fixture-v2-roundtrip,1,mock_non_formal,1,1.0,3,3,0,1.0,,,0.0,success,0,9.749599994393066,1,1.0,1.0,1,0,,9.749599994393066,0.0,0,0,0,0,0,1,0
compound_007:patch_only:r1,compound_007,compound_multi_step,patch_only,mock,benchmark-fixture-v2-roundtrip,1,mock_non_formal,1,1.0,3,3,0,1.0,,,0.0,success,0,3.3922000002348796,1,1.0,1.0,1,0,1,3.3922000002348796,0.0,0,0,0,0,0,1,0
compound_007:sera_full:r1,compound_007,compound_multi_step,sera_full,mock,benchmark-fixture-v2-roundtrip,1,mock_non_formal,1,1.0,3,3,0,1.0,,,0.0,success,0,42.48040000675246,1,1.0,1.0,1,0,1,42.48040000675246,0.0,0,0,0,0,0,1,0
pitch_013:full_rewrite:r1,pitch_013,pitch_transposition,full_rewrite,mock,benchmark-fixture-v2-roundtrip,1,mock_non_formal,1,1.0,2,2,0,1.0,,,0.0,success,0,15.449700003955513,1,1.0,1.0,1,0,,15.449700003955513,0.0,0,0,0,0,0,1,0
pitch_013:patch_only:r1,pitch_013,pitch_transposition,patch_only,mock,benchmark-fixture-v2-roundtrip,1,mock_non_formal,1,1.0,2,2,0,1.0,,,0.0,success,0,3.0857999954605475,1,1.0,1.0,1,0,1,3.0857999954605475,0.0,0,0,0,0,0,1,0
pitch_013:sera_full:r1,pitch_013,pitch_transposition,sera_full,mock,benchmark-fixture-v2-roundtrip,1,mock_non_formal,1,1.0,2,2,0,1.0,,,0.0,success,0,27.34529999725055,1,1.0,1.0,1,0,1,27.34529999725055,0.0,0,0,0,0,0,1,0
rhythm_013:patch_only:r1,rhythm_013,rhythm_duration,patch_only,mock,benchmark-fixture-v2-roundtrip,1,mock_non_formal,1,1.0,2,2,0,1.0,,,0.0,success,0,3.34619999921415,1,1.0,1.0,1,0,1,3.34619999921415,0.0,0,0,0,0,0,1,0
rhythm_013:full_rewrite:r1,rhythm_013,rhythm_duration,full_rewrite,mock,benchmark-fixture-v2-roundtrip,1,mock_non_formal,1,1.0,2,2,0,1.0,,,0.0,success,0,11.333199989167042,1,1.0,1.0,1,0,,11.333199989167042,0.0,0,0,0,0,0,1,0
rhythm_013:sera_full:r1,rhythm_013,rhythm_duration,sera_full,mock,benchmark-fixture-v2-roundtrip,1,mock_non_formal,1,1.0,2,2,0,1.0,,,0.0,success,0,23.182300006737933,1,1.0,1.0,1,0,1,23.182300006737933,0.0,0,0,0,0,0,1,0
key_013:full_rewrite:r1,key_013,key_harmony,full_rewrite,mock,benchmark-fixture-v2-roundtrip,1,mock_non_formal,1,1.0,2,2,0,1.0,,,0.0,success,0,11.4054000005126,1,1.0,1.0,1,0,,11.4054000005126,0.0,0,0,0,0,0,1,0
key_013:patch_only:r1,key_013,key_harmony,patch_only,mock,benchmark-fixture-v2-roundtrip,1,mock_non_formal,1,1.0,2,2,0,1.0,,,0.0,success,0,2.4794000055408105,1,1.0,1.0,1,0,1,2.4794000055408105,0.0,0,0,0,0,0,1,0
voice_010:full_rewrite:r1,voice_010,voice_texture,full_rewrite,mock,benchmark-fixture-v2-roundtrip,1,mock_non_formal,1,1.0,6,6,0,1.0,,,0.0,success,0,14.961699998821132,1,1.0,1.0,1,0,,14.961699998821132,0.0,0,0,0,0,0,1,0
voice_010:patch_only:r1,voice_010,voice_texture,patch_only,mock,benchmark-fixture-v2-roundtrip,1,mock_non_formal,1,1.0,6,6,0,1.0,,,0.0,success,0,3.2651000074110925,1,1.0,1.0,1,0,1,3.2651000074110925,0.0,0,0,0,0,0,1,0
key_013:sera_full:r1,key_013,key_harmony,sera_full,mock,benchmark-fixture-v2-roundtrip,1,mock_non_formal,1,1.0,2,2,0,1.0,,,0.0,success,0,82.22000001114793,1,1.0,1.0,1,0,1,82.22000001114793,0.0,0,0,0,0,0,1,0
voice_010:sera_full:r1,voice_010,voice_texture,sera_full,mock,benchmark-fixture-v2-roundtrip,1,mock_non_formal,1,1.0,6,6,0,1.0,,,0.0,success,0,29.847400001017377,1,1.0,1.0,1,0,1,29.847400001017377,0.0,0,0,0,0,0,1,0
ties_009:patch_only:r1,ties_009,ties_slurs_ornaments,patch_only,mock,benchmark-fixture-v2-roundtrip,1,mock_non_formal,1,1.0,4,4,0,1.0,,,0.0,success,0,3.131100005703047,1,1.0,1.0,1,0,1,3.131100005703047,0.0,0,0,0,0,0,1,0
ties_009:full_rewrite:r1,ties_009,ties_slurs_ornaments,full_rewrite,mock,benchmark-fixture-v2-roundtrip,1,mock_non_formal,1,1.0,4,4,0,1.0,,,0.0,success,0,13.932899993960746,1,1.0,1.0,1,0,,13.932899993960746,0.0,0,0,0,0,0,1,0
ties_009:sera_full:r1,ties_009,ties_slurs_ornaments,sera_full,mock,benchmark-fixture-v2-roundtrip,1,mock_non_formal,1,1.0,4,4,0,1.0,,,0.0,success,0,23.454300011508167,1,1.0,1.0,1,0,1,23.454300011508167,0.0,0,0,0,0,0,1,0
meter_008:full_rewrite:r1,meter_008,meter_measure_structure,full_rewrite,mock,benchmark-fixture-v2-roundtrip,1,mock_non_formal,1,1.0,3,3,0,1.0,,,0.0,success,0,14.410199990379624,1,1.0,1.0,1,0,,14.410199990379624,0.0,0,0,0,0,0,1,0
meter_008:patch_only:r1,meter_008,meter_measure_structure,patch_only,mock,benchmark-fixture-v2-roundtrip,1,mock_non_formal,1,1.0,3,3,0,1.0,,,0.0,success,0,4.773200009367429,1,1.0,1.0,1,0,1,4.773200009367429,0.0,0,0,0,0,0,1,0
meter_008:sera_full:r1,meter_008,meter_measure_structure,sera_full,mock,benchmark-fixture-v2-roundtrip,1,mock_non_formal,1,1.0,3,3,0,1.0,,,0.0,success,0,50.413200006005354,1,1.0,1.0,1,0,1,50.413200006005354,0.0,0,0,0,0,0,1,0
compound_008:full_rewrite:r1,compound_008,compound_multi_step,full_rewrite,mock,benchmark-fixture-v2-roundtrip,1,mock_non_formal,1,1.0,3,3,0,1.0,,,0.0,success,0,33.22539999498986,1,1.0,1.0,1,0,,33.22539999498986,0.0,0,0,0,0,0,1,0
compound_008:patch_only:r1,compound_008,compound_multi_step,patch_only,mock,benchmark-fixture-v2-roundtrip,1,mock_non_formal,1,1.0,3,3,0,1.0,,,0.0,success,0,7.408500008750707,1,1.0,1.0,1,0,1,7.408500008750707,0.0,0,0,0,0,0,1,0
compound_008:sera_full:r1,compound_008,compound_multi_step,sera_full,mock,benchmark-fixture-v2-roundtrip,1,mock_non_formal,1,1.0,3,3,0,1.0,,,0.0,success,0,65.25889999466017,1,1.0,1.0,1,0,1,65.25889999466017,0.0,0,0,0,0,0,1,0
pitch_014:full_rewrite:r1,pitch_014,pitch_transposition,full_rewrite,mock,benchmark-fixture-v2-roundtrip,1,mock_non_formal,1,1.0,2,2,0,1.0,,,0.0,success,0,15.074299997650087,1,1.0,1.0,1,0,,15.074299997650087,0.0,0,0,0,0,0,1,0
pitch_014:patch_only:r1,pitch_014,pitch_transposition,patch_only,mock,benchmark-fixture-v2-roundtrip,1,mock_non_formal,1,1.0,2,2,0,1.0,,,0.0,success,0,5.651300001773052,1,1.0,1.0,1,0,1,5.651300001773052,0.0,0,0,0,0,0,1,0
pitch_014:sera_full:r1,pitch_014,pitch_transposition,sera_full,mock,benchmark-fixture-v2-roundtrip,1,mock_non_formal,1,1.0,2,2,0,1.0,,,0.0,success,0,103.39579998981208,1,1.0,1.0,1,0,1,103.39579998981208,0.0,0,0,0,0,0,1,0
rhythm_014:patch_only:r1,rhythm_014,rhythm_duration,patch_only,mock,benchmark-fixture-v2-roundtrip,1,mock_non_formal,1,1.0,2,2,0,1.0,,,0.0,success,0,13.093500005197711,1,1.0,1.0,1,0,1,13.093500005197711,0.0,0,0,0,0,0,1,0
rhythm_014:full_rewrite:r1,rhythm_014,rhythm_duration,full_rewrite,mock,benchmark-fixture-v2-roundtrip,1,mock_non_formal,1,1.0,2,2,0,1.0,,,0.0,success,0,41.06090001005214,1,1.0,1.0,1,0,,41.06090001005214,0.0,0,0,0,0,0,1,0
key_014:full_rewrite:r1,key_014,key_harmony,full_rewrite,mock,benchmark-fixture-v2-roundtrip,1,mock_non_formal,1,1.0,2,2,0,1.0,,,0.0,success,0,22.82060000288766,1,1.0,1.0,1,0,,22.82060000288766,0.0,0,0,0,0,0,1,0
rhythm_014:sera_full:r1,rhythm_014,rhythm_duration,sera_full,mock,benchmark-fixture-v2-roundtrip,1,mock_non_formal,1,1.0,2,2,0,1.0,,,0.0,success,0,52.508699998725206,1,1.0,1.0,1,0,1,52.508699998725206,0.0,0,0,0,0,0,1,0
key_014:patch_only:r1,key_014,key_harmony,patch_only,mock,benchmark-fixture-v2-roundtrip,1,mock_non_formal,1,1.0,2,2,0,1.0,,,0.0,success,0,4.742000004625879,1,1.0,1.0,1,0,1,4.742000004625879,0.0,0,0,0,0,0,1,0
key_014:sera_full:r1,key_014,key_harmony,sera_full,mock,benchmark-fixture-v2-roundtrip,1,mock_non_formal,1,1.0,2,2,0,1.0,,,0.0,success,0,45.55169999366626,1,1.0,1.0,1,0,1,45.55169999366626,0.0,0,0,0,0,0,1,0
voice_011:patch_only:r1,voice_011,voice_texture,patch_only,mock,benchmark-fixture-v2-roundtrip,1,mock_non_formal,1,1.0,8,8,0,1.0,,,0.0,success,0,6.023300011293031,1,1.0,1.0,1,0,1,6.023300011293031,0.0,0,0,0,0,0,1,0
voice_011:full_rewrite:r1,voice_011,voice_texture,full_rewrite,mock,benchmark-fixture-v2-roundtrip,1,mock_non_formal,1,1.0,8,8,0,1.0,,,0.0,success,0,17.438399998354726,1,1.0,1.0,1,0,,17.438399998354726,0.0,0,0,0,0,0,1,0
ties_010:patch_only:r1,ties_010,ties_slurs_ornaments,patch_only,mock,benchmark-fixture-v2-roundtrip,1,mock_non_formal,1,1.0,4,4,0,1.0,,,0.0,success,0,4.604899993864819,1,1.0,1.0,1,0,1,4.604899993864819,0.0,0,0,0,0,0,1,0
ties_010:full_rewrite:r1,ties_010,ties_slurs_ornaments,full_rewrite,mock,benchmark-fixture-v2-roundtrip,1,mock_non_formal,1,1.0,4,4,0,1.0,,,0.0,success,0,19.915299999411218,1,1.0,1.0,1,0,,19.915299999411218,0.0,0,0,0,0,0,1,0
voice_011:sera_full:r1,voice_011,voice_texture,sera_full,mock,benchmark-fixture-v2-roundtrip,1,mock_non_formal,1,1.0,8,8,0,1.0,,,0.0,success,0,49.029899993911386,1,1.0,1.0,1,0,1,49.029899993911386,0.0,0,0,0,0,0,1,0
ties_010:sera_full:r1,ties_010,ties_slurs_ornaments,sera_full,mock,benchmark-fixture-v2-roundtrip,1,mock_non_formal,1,1.0,4,4,0,1.0,,,0.0,success,0,31.938899992383085,1,1.0,1.0,1,0,1,31.938899992383085,0.0,0,0,0,0,0,1,0
meter_009:patch_only:r1,meter_009,meter_measure_structure,patch_only,mock,benchmark-fixture-v2-roundtrip,1,mock_non_formal,1,1.0,3,3,0,1.0,,,0.0,success,0,2.9649000061908737,1,1.0,1.0,1,0,1,2.9649000061908737,0.0,0,0,0,0,0,1,0
meter_009:full_rewrite:r1,meter_009,meter_measure_structure,full_rewrite,mock,benchmark-fixture-v2-roundtrip,1,mock_non_formal,1,1.0,3,3,0,1.0,,,0.0,success,0,10.585500000161119,1,1.0,1.0,1,0,,10.585500000161119,0.0,0,0,0,0,0,1,0
meter_009:sera_full:r1,meter_009,meter_measure_structure,sera_full,mock,benchmark-fixture-v2-roundtrip,1,mock_non_formal,1,1.0,3,3,0,1.0,,,0.0,success,0,50.98349999752827,1,1.0,1.0,1,0,1,50.98349999752827,0.0,0,0,0,0,0,1,0
compound_009:full_rewrite:r1,compound_009,compound_multi_step,full_rewrite,mock,benchmark-fixture-v2-roundtrip,1,mock_non_formal,1,1.0,3,3,0,1.0,,,0.0,success,0,10.631400000420399,1,1.0,1.0,1,0,,10.631400000420399,0.0,0,0,0,0,0,1,0
compound_009:patch_only:r1,compound_009,compound_multi_step,patch_only,mock,benchmark-fixture-v2-roundtrip,1,mock_non_formal,1,1.0,3,3,0,1.0,,,0.0,success,0,4.4239999988349155,1,1.0,1.0,1,0,1,4.4239999988349155,0.0,0,0,0,0,0,1,0
compound_009:sera_full:r1,compound_009,compound_multi_step,sera_full,mock,benchmark-fixture-v2-roundtrip,1,mock_non_formal,1,1.0,3,3,0,1.0,,,0.0,success,0,27.491000000736676,1,1.0,1.0,1,0,1,27.491000000736676,0.0,0,0,0,0,0,1,0
pitch_015:full_rewrite:r1,pitch_015,pitch_transposition,full_rewrite,mock,benchmark-fixture-v2-roundtrip,1,mock_non_formal,1,1.0,2,2,0,1.0,,,0.0,success,0,8.945499997935258,1,1.0,1.0,1,0,,8.945499997935258,0.0,0,0,0,0,0,1,0
pitch_015:patch_only:r1,pitch_015,pitch_transposition,patch_only,mock,benchmark-fixture-v2-roundtrip,1,mock_non_formal,1,1.0,2,2,0,1.0,,,0.0,success,0,2.713000008952804,1,1.0,1.0,1,0,1,2.713000008952804,0.0,0,0,0,0,0,1,0
pitch_015:sera_full:r1,pitch_015,pitch_transposition,sera_full,mock,benchmark-fixture-v2-roundtrip,1,mock_non_formal,1,1.0,2,2,0,1.0,,,0.0,success,0,25.465600003371947,1,1.0,1.0,1,0,1,25.465600003371947,0.0,0,0,0,0,0,1,0
rhythm_015:full_rewrite:r1,rhythm_015,rhythm_duration,full_rewrite,mock,benchmark-fixture-v2-roundtrip,1,mock_non_formal,1,1.0,2,2,0,1.0,,,0.0,success,0,10.615699997288175,1,1.0,1.0,1,0,,10.615699997288175,0.0,0,0,0,0,0,1,0
rhythm_015:patch_only:r1,rhythm_015,rhythm_duration,patch_only,mock,benchmark-fixture-v2-roundtrip,1,mock_non_formal,1,1.0,2,2,0,1.0,,,0.0,success,0,3.9172999968286604,1,1.0,1.0,1,0,1,3.9172999968286604,0.0,0,0,0,0,0,1,0
rhythm_015:sera_full:r1,rhythm_015,rhythm_duration,sera_full,mock,benchmark-fixture-v2-roundtrip,1,mock_non_formal,1,1.0,2,2,0,1.0,,,0.0,success,0,22.465300004114397,1,1.0,1.0,1,0,1,22.465300004114397,0.0,0,0,0,0,0,1,0
key_015:full_rewrite:r1,key_015,key_harmony,full_rewrite,mock,benchmark-fixture-v2-roundtrip,1,mock_non_formal,1,1.0,2,2,0,1.0,,,0.0,success,0,8.290199999464676,1,1.0,1.0,1,0,,8.290199999464676,0.0,0,0,0,0,0,1,0
key_015:patch_only:r1,key_015,key_harmony,patch_only,mock,benchmark-fixture-v2-roundtrip,1,mock_non_formal,1,1.0,2,2,0,1.0,,,0.0,success,0,2.5557999906595796,1,1.0,1.0,1,0,1,2.5557999906595796,0.0,0,0,0,0,0,1,0
key_015:sera_full:r1,key_015,key_harmony,sera_full,mock,benchmark-fixture-v2-roundtrip,1,mock_non_formal,1,1.0,2,2,0,1.0,,,0.0,success,0,41.51710000587627,1,1.0,1.0,1,0,1,41.51710000587627,0.0,0,0,0,0,0,1,0
voice_012:full_rewrite:r1,voice_012,voice_texture,full_rewrite,mock,benchmark-fixture-v2-roundtrip,1,mock_non_formal,1,1.0,6,6,0,1.0,,,0.0,success,0,11.184800008777529,1,1.0,1.0,1,0,,11.184800008777529,0.0,0,0,0,0,0,1,0
voice_012:patch_only:r1,voice_012,voice_texture,patch_only,mock,benchmark-fixture-v2-roundtrip,1,mock_non_formal,1,1.0,6,6,0,1.0,,,0.0,success,0,2.8403999895090237,1,1.0,1.0,1,0,1,2.8403999895090237,0.0,0,0,0,0,0,1,0
voice_012:sera_full:r1,voice_012,voice_texture,sera_full,mock,benchmark-fixture-v2-roundtrip,1,mock_non_formal,1,1.0,6,6,0,1.0,,,0.0,success,0,28.97780000057537,1,1.0,1.0,1,0,1,28.97780000057537,0.0,0,0,0,0,0,1,0
meter_010:patch_only:r1,meter_010,meter_measure_structure,patch_only,mock,benchmark-fixture-v2-roundtrip,1,mock_non_formal,1,1.0,3,3,0,1.0,,,0.0,success,0,2.9669999930774793,1,1.0,1.0,1,0,1,2.9669999930774793,0.0,0,0,0,0,0,1,0
meter_010:full_rewrite:r1,meter_010,meter_measure_structure,full_rewrite,mock,benchmark-fixture-v2-roundtrip,1,mock_non_formal,1,1.0,3,3,0,1.0,,,0.0,success,0,48.59239999495912,1,1.0,1.0,1,0,,48.59239999495912,0.0,0,0,0,0,0,1,0
meter_010:sera_full:r1,meter_010,meter_measure_structure,sera_full,mock,benchmark-fixture-v2-roundtrip,1,mock_non_formal,1,1.0,3,3,0,1.0,,,0.0,success,0,29.766500010737218,1,1.0,1.0,1,0,1,29.766500010737218,0.0,0,0,0,0,0,1,0
compound_010:patch_only:r1,compound_010,compound_multi_step,patch_only,mock,benchmark-fixture-v2-roundtrip,1,mock_non_formal,1,1.0,3,3,0,1.0,,,0.0,success,0,3.708899996127002,1,1.0,1.0,1,0,1,3.708899996127002,0.0,0,0,0,0,0,1,0
compound_010:full_rewrite:r1,compound_010,compound_multi_step,full_rewrite,mock,benchmark-fixture-v2-roundtrip,1,mock_non_formal,1,1.0,3,3,0,1.0,,,0.0,success,0,31.307099998230115,1,1.0,1.0,1,0,,31.307099998230115,0.0,0,0,0,0,0,1,0
compound_010:sera_full:r1,compound_010,compound_multi_step,sera_full,mock,benchmark-fixture-v2-roundtrip,1,mock_non_formal,1,1.0,3,3,0,1.0,,,0.0,success,0,41.040299998712726,1,1.0,1.0,1,0,1,41.040299998712726,0.0,0,0,0,0,0,1,0
voice_013:patch_only:r1,voice_013,voice_texture,patch_only,mock,benchmark-fixture-v2-roundtrip,1,mock_non_formal,1,1.0,6,6,0,1.0,,,0.0,success,0,3.445200010901317,1,1.0,1.0,1,0,1,3.445200010901317,0.0,0,0,0,0,0,1,0
voice_013:full_rewrite:r1,voice_013,voice_texture,full_rewrite,mock,benchmark-fixture-v2-roundtrip,1,mock_non_formal,1,1.0,6,6,0,1.0,,,0.0,success,0,23.519999987911433,1,1.0,1.0,1,0,,23.519999987911433,0.0,0,0,0,0,0,1,0
voice_013:sera_full:r1,voice_013,voice_texture,sera_full,mock,benchmark-fixture-v2-roundtrip,1,mock_non_formal,1,1.0,6,6,0,1.0,,,0.0,success,0,29.59059999557212,1,1.0,1.0,1,0,1,29.59059999557212,0.0,0,0,0,0,0,1,0
voice_014:full_rewrite:r1,voice_014,voice_texture,full_rewrite,mock,benchmark-fixture-v2-roundtrip,1,mock_non_formal,1,1.0,6,6,0,1.0,,,0.0,success,0,14.083800007938407,1,1.0,1.0,1,0,,14.083800007938407,0.0,0,0,0,0,0,1,0
voice_014:patch_only:r1,voice_014,voice_texture,patch_only,mock,benchmark-fixture-v2-roundtrip,1,mock_non_formal,1,1.0,6,6,0,1.0,,,0.0,success,0,2.9744999919785187,1,1.0,1.0,1,0,1,2.9744999919785187,0.0,0,0,0,0,0,1,0
voice_015:full_rewrite:r1,voice_015,voice_texture,full_rewrite,mock,benchmark-fixture-v2-roundtrip,1,mock_non_formal,1,1.0,6,6,0,1.0,,,0.0,success,0,17.577399994479492,1,1.0,1.0,1,0,,17.577399994479492,0.0,0,0,0,0,0,1,0
voice_014:sera_full:r1,voice_014,voice_texture,sera_full,mock,benchmark-fixture-v2-roundtrip,1,mock_non_formal,1,1.0,6,6,0,1.0,,,0.0,success,0,41.30959999747574,1,1.0,1.0,1,0,1,41.30959999747574,0.0,0,0,0,0,0,1,0
voice_015:patch_only:r1,voice_015,voice_texture,patch_only,mock,benchmark-fixture-v2-roundtrip,1,mock_non_formal,1,1.0,6,6,0,1.0,,,0.0,success,0,2.818900000420399,1,1.0,1.0,1,0,1,2.818900000420399,0.0,0,0,0,0,0,1,0
voice_015:sera_full:r1,voice_015,voice_texture,sera_full,mock,benchmark-fixture-v2-roundtrip,1,mock_non_formal,1,1.0,6,6,0,1.0,,,0.0,success,0,27.90850000747014,1,1.0,1.0,1,0,1,27.90850000747014,0.0,0,0,0,0,0,1,0
